Input Sample,Astro,Exc,Inh,Micro,Oligo,OPC,P-value,Pearson Correlation,RMSE
MSSM_RNA_PFC_1,0.07015986856240639,0.6052754669107083,0.009399471586130751,0.008880171624797043,0.30628502131595753,0,0,0.5916600768281504,0.8065598876696625
MSSM_RNA_PFC_10,0.06854262947564818,0.7576206525684216,0.021403199956728815,0.010603290202976602,0.1418302277962248,0,0,0.7300831884471417,0.7879035275251322
MSSM_RNA_PFC_100,0.10273332828953784,0.6395814009037117,0.0057531763969622205,0.009182178223918777,0.2427499161858695,0,0,0.5722001810590267,0.8228182272298724
MSSM_RNA_PFC_101,0.09196181998901845,0.8304830234157957,0.011371673733105615,0.0046862814166473135,0.06149720144543287,0,0,0.5719831116601354,0.8862119561077535
MSSM_RNA_PFC_102,0.06214747627541749,0.751697674882454,0.0060221196839707215,0.009852112531792037,0.1702806166263658,0,0,0.6614551940971164,0.7998125127230202
MSSM_RNA_PFC_106,0.08739286956946266,0.6399150939115702,0.0031437112924356716,0,0.2695483252265313,0,0,0.5593043390151626,0.8289713792699337
MSSM_RNA_PFC_108,0.07564765960928797,0.7973294296508597,0.01457444571312321,0.009559650707112077,0.10288881431961709,0,0,0.4632398051529385,0.9054327536878171
MSSM_RNA_PFC_109,0.1617534456049927,0.7691295430520201,0.0040490564765215155,0.013053662057744851,0.05201429280872085,0,0,0.33957921488626924,0.9497178386259074
MSSM_RNA_PFC_11,0.08225047871271708,0.7869497007375024,0.0325614239562273,0,0.0982383965935532,0,0,0.6323750217159326,0.8526390152782605
MSSM_RNA_PFC_110,0.10653143803876741,0.7981361818614809,0.01508179427782162,0.0002,0.08003711801488342,0,0,0.5063791770014442,0.8993580701243793
MSSM_RNA_PFC_111,0.07112938293795848,0.7984916298753297,0.015383065225980505,0.008615223124641757,0.10638069883608961,0,0,0.4525153846126502,0.907893976664343
MSSM_RNA_PFC_112,0.0664716562392521,0.8727298923791866,0.023948525410629373,0,0.03684992597093198,0,0,0.6100775664045822,0.8808086686048399
MSSM_RNA_PFC_113,0.06695789091448039,0.7532413319292054,0.01709039804006128,0.008685498207876178,0.15402488090837668,0,0,0.49922992178193837,0.8787623680382587
MSSM_RNA_PFC_114,0.07203838260629883,0.7519909132728514,0.022870001361247637,0.013696690575981345,0.13940401218362075,0,0,0.5580508134802908,0.8602549692301085
MSSM_RNA_PFC_116,0.2301331160934361,0.6775562832435443,0.009132306712808102,0.004140647595459987,0.0790376463547515,0,0,0.3660422022374079,0.9398444593569147
MSSM_RNA_PFC_117,0.09114952925780238,0.7219730291783362,0.03330672723825518,0.011000463285605857,0.14257025104000046,0,0,0.5798529634883632,0.8508941661474456
MSSM_RNA_PFC_118,0.07879264158711637,0.7947482014132771,0.01859730545698079,0.01585161398206115,0.09201023756056463,0,0,0.5103057374336242,0.8942722019331174
MSSM_RNA_PFC_119,0.04112056107782278,0.8629573360897295,0.0280526011578318,0.002164456840840768,0.06570504483377518,0,0,0.6371306596978153,0.8632414821022123
MSSM_RNA_PFC_12,0.08066581530149478,0.8059186210005026,0.01883899979455684,0.008455779368440578,0.08612078453500524,0,0,0.4347598038673982,0.9182058496216284
MSSM_RNA_PFC_120,0.06200574034279609,0.8134526622136565,0.030371427501342432,0.006183851754478032,0.0879863181877269,0,0,0.6695447460541212,0.845131347569077
MSSM_RNA_PFC_121,0.11019041269536521,0.791473475296348,0.015073350771527104,0.007939619085963728,0.07532314215079591,0,0,0.4434937613842674,0.9187184839075454
MSSM_RNA_PFC_122,0.1285896567970801,0.7815427059296552,0.008167895943791526,0.01084202327218259,0.07085771805729058,0,0,0.34927079918508736,0.944920647458241
MSSM_RNA_PFC_123,0.12070176147157621,0.7375001717644467,0.022959016455587806,0.017928868809970553,0.098037899850868,0.0028722816475507743,0,0.4404415883140344,0.9148338420504765
MSSM_RNA_PFC_124,0.10710456607595063,0.7204106130700528,0.012967538985582214,0,0.15951728186841438,0,0,0.555330110720323,0.853939017160113
MSSM_RNA_PFC_125,0.08611348259014279,0.8059178730231983,0.035024678458565404,0.014674834847737829,0.05475914050604491,0.0035099905743107055,0,0.40869504494130243,0.9316935925543725
MSSM_RNA_PFC_126,0.08556969605314153,0.7997095868474122,0.03673812155353406,0.002390527151893635,0.0755920683940186,0,0,0.5061023616569154,0.9006081432540518
MSSM_RNA_PFC_127,0.09325510875922643,0.7802923231078357,0.026003632432149953,0.007492801717200178,0.09295613398358778,0,0,0.6647753963073574,0.8459028947017261
MSSM_RNA_PFC_128,0.09389954251058032,0.7766174500626197,0.0108158667704768,0.0059537016741889204,0.11271343898213419,0,0,0.4803430511832736,0.8974742898145915
MSSM_RNA_PFC_129,0.09667780453219015,0.7543594304437478,0.018498319595177205,0.009908460651414383,0.11730999401205118,0.003245990765419412,0,0.5321696564791221,0.8787926694883957
MSSM_RNA_PFC_13,0.09454430068742281,0.7738431795016646,0.014624791414629357,0.00550861704033403,0.11147911135594922,0,0,0.4418493221603225,0.9105193554087853
MSSM_RNA_PFC_130,0.06738865552057108,0.8002726930515538,0.04736533303519366,0.0069612654048002735,0.07801205298788123,0,0,0.4905385906647425,0.9040741070616409
MSSM_RNA_PFC_131,0.09262397474036414,0.8205105485926407,0.01821169355070894,0.011164776740421987,0.05748900637586427,0,0,0.5565442382231353,0.8923484112623483
MSSM_RNA_PFC_132,0.10003804042001337,0.685501498681669,0.029575410243732562,0.013669493491585482,0.16290941574685425,0.00830614141614541,0,0.5925793410802989,0.8368896981277719
MSSM_RNA_PFC_134,0.09782255041456575,0.7876109639944064,0.015889585018003787,0.027689063880336907,0.07098783669268705,0,0,0.5000646182431445,0.9044814491702396
MSSM_RNA_PFC_135,0.09154074448973556,0.8303676967593979,0.012823332594546093,0.00509826050038675,0.0589733933589231,0.001196572297010575,0,0.5511055360205692,0.892787439573511
MSSM_RNA_PFC_136,0.07717190427444441,0.8352003221715872,0.0062515228592340795,0.01152904818530971,0.06984720250942451,0,0,0.5181948597001512,0.8981794742229646
MSSM_RNA_PFC_137,0.08422044620254121,0.8257292192846287,0.02654125224856579,0.005130684075832643,0.0583783981884317,0,0,0.38433458237417434,0.9369446400934124
MSSM_RNA_PFC_140,0.08820510026574788,0.8132580112307418,0.017713096739880814,0.021767573676864455,0.059056218086765096,0,0,0.3486166826668179,0.9461088817906377
MSSM_RNA_PFC_141,0.07161592069045532,0.8975838529091068,0.009211147964077735,0,0.021589078436360248,0,0,0.4794564393989617,0.9161093676474082
MSSM_RNA_PFC_142,0.09392647674444683,0.7713875226525999,0.00843412979829702,0.005758198714621139,0.12049367209003509,0,0,0.4456189233073396,0.907172876568024
MSSM_RNA_PFC_143,0.0663377630266747,0.7480225189527626,0.004866318998267877,0.003469922671523539,0.17730347635077126,0,0,0.6174914351877467,0.8175077868757458
MSSM_RNA_PFC_144,0.07367888789617671,0.8093563482510002,0.023520425281910867,0.008633723472383482,0.0848106150985287,0,0,0.590381924851526,0.8720913361302411
MSSM_RNA_PFC_145,0.05798220632590509,0.8590333541852176,0.015549669788786698,0.004899200596673564,0.06253556910341694,0,0,0.5248435316821877,0.8973436323873485
MSSM_RNA_PFC_146,0.0665786007820909,0.8581772981652235,0.014483359592604515,0.008688774138458425,0.05207196732162275,0,0,0.4849825988064051,0.9110993277930737
MSSM_RNA_PFC_147,0.07940347375693917,0.8117088294611888,0.012795560199418415,0.015263895290984248,0.07887447240820916,0.001953768883260141,0,0.6381375526864161,0.8606699321684231
MSSM_RNA_PFC_148,0.08376884756074154,0.7766951141082535,0.024246746428102192,0.017822119314298772,0.09746717258860389,0,0,0.5784158106201229,0.8713997527657344
MSSM_RNA_PFC_149,0.09190577024666642,0.7208824555437092,0.01744682798270007,0.0029073556050242207,0.1668575906219001,0,0,0.4918492239359191,0.879012286678183
MSSM_RNA_PFC_15,0.06101168740192577,0.7915359533615726,0.023780841239229206,0.010375876359581305,0.11329564163769124,0,0,0.5836436350893144,0.8614101029153738
MSSM_RNA_PFC_151,0.07003876317806552,0.8093417690831552,0.03212529845837347,0.008886387605100054,0.07960778167530572,0,0,0.5587594623712573,0.88366745111327
MSSM_RNA_PFC_152,0.08058119976829144,0.8712821964070194,0.017757577389674366,0,0.030379026435014722,0,0,0.5844706013874376,0.8893600898740102
MSSM_RNA_PFC_153,0.09118733210203134,0.798564213006035,0.017938535015455153,0,0.09230991987647846,0,0,0.5497451378705014,0.8817456897014372
MSSM_RNA_PFC_154,0.2520302119530323,0.6478982664939896,0,0,0.08302156563036273,0.017049955922615247,0,0.23481430310428317,0.9737975600938652
MSSM_RNA_PFC_155,0.10100586634181914,0.7306510517976603,0.00849728010218997,0.008652398078637482,0.14397638169967292,0.007217021980020144,0,0.5121477972032513,0.8769318796845282
MSSM_RNA_PFC_156,0.0978563085959997,0.8124738531822228,0.015426414314276351,0.007324267105340061,0.066919156802161,0,0,0.4286035154980346,0.9241747728820635
MSSM_RNA_PFC_157,0.09650909934617966,0.7497408495798347,0.013320493850591072,0.022887657218024656,0.10480517548770739,0.012736724517662496,0,0.4119126716064676,0.9217205058351065
MSSM_RNA_PFC_158,0.19709189680237219,0.5940020757231814,0,0,0.2089060274744465,0,0,0.5256866950319715,0.8547876997632267
MSSM_RNA_PFC_16,0.17146324979851568,0.6083610973143383,0,0.0048421800226682845,0.21533347286447774,0,0,0.4817463164748396,0.8769108226239903
MSSM_RNA_PFC_160,0.07134757614318041,0.8677058998738517,0.0074065748520584,0,0.05353994913090946,0,0,0.5677368099246629,0.8879242996909021
MSSM_RNA_PFC_161,0.0890092387690471,0.7062750257697606,0.006599399361269809,0.01381848188446883,0.18429785421545364,0,0,0.4947749897172896,0.8741753528577276
MSSM_RNA_PFC_162,0.10648496587384934,0.776602917508359,0.013067128268578344,0.013265005518289814,0.09057998283092354,0,0,0.40124873321329596,0.9275080584878144
MSSM_RNA_PFC_163,0.2307713398510801,0.4853784670596836,0.003355113136765723,0.029949999532881275,0.24546202386237598,0.00508305655721333,0,0.5299368171849372,0.8480228165962173
MSSM_RNA_PFC_164,0.11172071993843925,0.8542701775935051,0.0030454032104314027,0,0.03096369925762421,0,0,0.46835472210326773,0.9195580298942673
MSSM_RNA_PFC_165,0.07546127244891059,0.8036730843598948,0.019760016463321546,0,0.10110562672787314,0,0,0.6700292041174124,0.8376259964475172
MSSM_RNA_PFC_166,0.07298234453981042,0.8111900720067932,0.02455780788166255,0,0.09126977557173395,0,0,0.5979411683651792,0.8663785393684691
MSSM_RNA_PFC_167,0.07652057394017253,0.8182762518612654,0.02397230329225875,0.00924678631177602,0.07198408459452735,0,0,0.2462740814165765,0.9715483737022518
MSSM_RNA_PFC_168,0.2819686601477247,0.6025920581850969,0.009378195287950182,0.004158370026020629,0.10190271635320768,0,0,0.46811474625117944,0.9057937697080533
MSSM_RNA_PFC_170,0.05679288971737373,0.8194999525112865,0.01770433316919284,0.005168020346960472,0.09612677266576802,0.004708031589418438,0,0.5975040856894294,0.8638914680380048
MSSM_RNA_PFC_171,0.10765167029308591,0.7685191081359549,0.0016115451868736242,0,0.12221767638408561,0,0,0.5444931162238594,0.8721064729635937
MSSM_RNA_PFC_172,0.09074245563482353,0.8191533353722233,0.01657595985567338,0,0.0735282491372797,0,0,0.45559020175630627,0.9150128889115944
MSSM_RNA_PFC_173,0.2856757976683372,0.5612444167461169,0,0.0008,0.15007073489282255,0.0021985537910493894,0,0.29586883395665964,0.957179862504312
MSSM_RNA_PFC_174,0.2195628932296515,0.5329949618619582,0,0.022297947228886113,0.21762847036423755,0.0075157273152667075,0,0.252939687582579,0.9888071628283245
MSSM_RNA_PFC_175,0.05754970421212654,0.8414084984742932,0.024500840961141697,0,0.07654095635243859,0,0,0.5946540328604351,0.8725754505113911
MSSM_RNA_PFC_176,0.1326519926829457,0.7401284189947426,0.002746143568874628,0.007263144666978046,0.1172103000864591,0,0,0.5466395838270562,0.8742082470886047
MSSM_RNA_PFC_177,0.06326362467113794,0.8313101332972055,0.016790827006822356,0.007115044293969265,0.08152037073086489,0,0,0.6515254522163924,0.8537165091020648
MSSM_RNA_PFC_179,0.11968447555255302,0.7200979121758593,0.012140870668225882,0.010721881231801645,0.1373548603715601,0,0,0.5057948536542993,0.8816773075378271
MSSM_RNA_PFC_180,0.05680739004152155,0.8432974328847511,0.029236798113188425,0.0013415625170898906,0.06931681644344906,0,0,0.6577916193627489,0.8568566827314673
MSSM_RNA_PFC_181,0.08905052653816725,0.8442846396427486,0.010414818671576545,0,0.056250015147507604,0,0,0.48567952482970694,0.9104309147976068
MSSM_RNA_PFC_182,0.15111557968791076,0.6471318773710226,0.006531479822366769,0.01477066079130612,0.18045040232739382,0,0,0.4986892783377896,0.8733936926375787
MSSM_RNA_PFC_184,0.07998556646658685,0.7914427090914257,0.032225811880036294,0.0003,0.09607743853539565,0,0,0.5892881046791765,0.8676098695338952
MSSM_RNA_PFC_183,0.07308107566822795,0.8153510151323456,0.024465824774437525,0.002642069527023714,0.08376436160060985,0.0007,0,0.5578740450998281,0.882018338259102
MSSM_RNA_PFC_185,0.07120561392130584,0.8237819776950196,0.022470197620341158,0.0004,0.08213653629908968,0,0,0.6650718424620619,0.8493444059415179
MSSM_RNA_PFC_186,0.04192475777636278,0.7781191062917299,0.027566191565841502,0.0059734234196129705,0.14641652094645294,0,0,0.7405871345910611,0.7781701911740114
MSSM_RNA_PFC_187,0.082766999360389,0.7506683487578436,0.024111775786932025,0.01450513903084957,0.1279477370639858,0,0,0.2819744026096706,0.9614127469223696
MSSM_RNA_PFC_188,0.05435951073608591,0.8744178232193502,0.02333396185124213,0,0.04788870419332172,0,0,0.6185259533498769,0.8749759924593338
MSSM_RNA_PFC_189,0.07693122323073578,0.8608743555101127,0.010530976247290933,0,0.05166344501186056,0,0,0.5215238662686491,0.9013269676212038
MSSM_RNA_PFC_192,0.08944214250367821,0.8199987921234595,0.03983019562822262,0.007671174809205529,0.0430576949354342,0,0,0.5623770841420523,0.8947664261324505
MSSM_RNA_PFC_194,0.09057961933055204,0.7614022935342024,0.025185879905000576,0.017155534184294222,0.10567667304595074,0,0,0.6291579432277866,0.8511365004936816
MSSM_RNA_PFC_195,0.07786497879894844,0.7884565470867333,0.00967767857916685,0,0.12400079553515152,0,0,0.6041683855499796,0.8488026946507324
MSSM_RNA_PFC_196,0.11879898806086106,0.8187402636814647,0.0038121414926394178,0,0.058648606765034715,0,0,0.3977481203999105,0.9336770533062198
MSSM_RNA_PFC_197,0.07905641487874347,0.8258452006431128,0.02654659944970189,0.0028560871261841866,0.06569569790225757,0,0,0.5416368186169565,0.8930523214347849
MSSM_RNA_PFC_2,0.07580458574411834,0.8174593460095428,0.003998121915200434,0.0202489880388365,0.08248895829230186,0,0,0.41120814655131355,0.9255539837764607
MSSM_RNA_PFC_20,0.14816446943494183,0.6100333146503941,0.0037073578162258197,0.02499461458369131,0.2131002435147469,0,0,0.5216231401371416,0.8561911974726479
MSSM_RNA_PFC_200,0.10298756963450381,0.8008128625191787,0.02366619671492122,0.008156576908055957,0.06437679422334032,0,0,0.5265227481716501,0.898913063330707
MSSM_RNA_PFC_201,0.10295066362403878,0.7443781177545209,0.025231677504317245,0.04455145066223412,0.08288809045488899,0,0,0.2727033040168524,0.9637213466330169
MSSM_RNA_PFC_202,0.06714905686447975,0.8039352304723261,0.03711380423758806,0.007555888040290663,0.08424602038531541,0,0,0.5668103152969186,0.8794467166500735
MSSM_RNA_PFC_204,0.09077441250363896,0.6930324981043564,0.014753628419589025,0.00349895184074468,0.19794050913167094,0,0,0.44876156393386735,0.8944464054009985
MSSM_RNA_PFC_205,0.05843731482075375,0.8097764430036785,0.05333405264851266,0.0007,0.07774729448875695,0,0,0.599543852814743,0.8715148073648706
MSSM_RNA_PFC_208,0.09487548596006802,0.7861308593302976,0.05359045738178855,0.0019230719979568608,0.06348012532988889,0,0,0.2388466332765435,0.9734796000033309
MSSM_RNA_PFC_209,0.2509352545929276,0.47132129525920047,0,0.0118011838436158,0.26594226630425616,0,0.010101010101010102,0.22002665310213837,1.028071564130358
MSSM_RNA_PFC_211,0.29184513147902047,0.4491205102835999,0,0.02391272999504269,0.19415467758782698,0.04096695065450986,0,0.2456804570851204,0.9842541977614576
MSSM_RNA_PFC_212,0.11912200635098327,0.6381363835323515,0.0020728798331445314,0.0036196439913381622,0.23704908629218246,0,0,0.49884462539279373,0.8668580383798872
MSSM_RNA_PFC_22,0.0716037385868127,0.8133351187778188,0.015268481473626387,0.010581211155771575,0.08921145000597043,0,0,0.6234394946747087,0.8595937149070763
MSSM_RNA_PFC_220,0.2106844374645285,0.6126718096769295,0.02230903755648607,0.0097470453671202,0.1445876699349357,0,0,0.33857498012586673,0.9416985932498104
MSSM_RNA_PFC_221,0.09915549854759048,0.8086767060492431,0.00945039237778345,0.0003,0.08055196599493715,0.0018390577195704348,0,0.30026293939078924,0.9569533537539319
MSSM_RNA_PFC_223,0.11095053489554549,0.7989002314471334,0.019975703006635082,0,0.07017353065068604,0,0,0.37052418797984976,0.9392129747663808
MSSM_RNA_PFC_226,0.10428804059651882,0.7663353664864603,0.022926089175468435,0.003605613419969681,0.10284489032158274,0,0,0.3597607941302152,0.9379260379281175
MSSM_RNA_PFC_228,0.11338694650215765,0.8084703430603379,0.012505949229989561,0.004663477010168737,0.06097328419734621,0,0,0.2572377593616627,0.96899946068138
MSSM_RNA_PFC_229,0.1584358591580251,0.6724223782058901,0.010722232159096016,0.00325111847265381,0.15516841200433504,0,0,0.27730782435489093,0.9648356161631292
MSSM_RNA_PFC_230,0.09617329031374341,0.7453660086062962,0.0077245225329615995,0.007817990431274902,0.14291818811572396,0,0,0.6031043711483733,0.8409627549826838
MSSM_RNA_PFC_231,0.06465315699002956,0.790491445393442,0.021144137658421065,0.007879225857563368,0.11583203410054402,0,0,0.6969947641309954,0.8190421897265382
MSSM_RNA_PFC_232,0.0663344973102913,0.8208956417402784,0.04788318168851242,0,0.06488667926091796,0,0,0.6514306238067967,0.861810665692122
MSSM_RNA_PFC_233,0.07950007198232288,0.8449438899017541,0.013291847286817043,0.0062723425790043,0.055991848250101804,0,0,0.5289414106267889,0.8989849991709988
MSSM_RNA_PFC_234,0.1838105334480153,0.6146005800566939,0.019183964544540265,0.009276113063534163,0.17153112111345878,0.0015976877737576259,0,0.3532088033018703,0.9364373839467426
MSSM_RNA_PFC_236,0,0.9527641996146136,0.025299331345228816,0,0.02193646904015769,0,0,0.6434537407026324,0.867754702366587
MSSM_RNA_PFC_237,0.052295678020238,0.7775033059574536,0.05061869244770675,0.0027206614009277655,0.11558339385034927,0.0012782683233246747,0,0.651023020389071,0.8359096426719915
MSSM_RNA_PFC_238,0.17419985091807258,0.6736829341558417,0.001359243377102834,0.009954056749141443,0.14080391479984145,0,0,0.39596943147381836,0.9214730458211837
MSSM_RNA_PFC_239,0.24890694622349208,0.6645471475744935,0.0032234190940861117,0,0.08332248710792839,0,0,0.2500359390603458,0.9699057731202794
MSSM_RNA_PFC_240,0.06964950860250861,0.8252667956971795,0.038582421978751044,0,0.0665012737215608,0,0,0.6381062585128171,0.8649659566469056
MSSM_RNA_PFC_241,0.09047930295000647,0.8461713589894201,0.0038389881178965794,0,0.05951034994267681,0,0,0.3819730848334872,0.937110156178471
MSSM_RNA_PFC_242,0.07113583172831836,0.843866911961323,0.011167093503866549,0.008836774838614229,0.06499338796787789,0,0,0.5298596790925755,0.8960301548569793
MSSM_RNA_PFC_243,0.27165283764258413,0.5301477985520614,0.004111045661760632,0.002550161773840743,0.15728061712301106,0.034257539246742,0,0.34812853491400536,0.9379565224845191
MSSM_RNA_PFC_244,0.07673266301710967,0.7980879235936019,0.016427867036047594,0.0036158120149360267,0.10513573433830473,0,0,0.5811378070881993,0.865992295216463
MSSM_RNA_PFC_245,0.08776300043415367,0.83794420220649,0.023687884578781015,0.003125087741738423,0.047479825038836916,0,0,0.6310550715749201,0.8745752840878623
MSSM_RNA_PFC_246,0.08681964153710102,0.7425853559459515,0.039213779545383194,0.008137695024026392,0.12253131174637083,0.0007,0,0.6721081858586203,0.8258233573775707
MSSM_RNA_PFC_248,0.07613961902494391,0.8489579046665949,0.03261528816323765,0.0026987179687736726,0.03958847017644975,0,0,0.5467942767541009,0.8980649133091754
MSSM_RNA_PFC_25,0.06106270997785003,0.7943320674125851,0.018350731389284104,0.00640021419035315,0.11985427702992762,0,0,0.5165292372002732,0.8822282679412842
MSSM_RNA_PFC_250,0.05509775300202224,0.7974686804121724,0.0219778859825567,0.006926316948803636,0.11852936365444497,0,0,0.709560136906032,0.8118677965213073
MSSM_RNA_PFC_251,0.12495789961452829,0.7318447067371195,0.019705951691749792,0.025317346614418226,0.09817409534218409,0,0,0.24698191970472017,0.9708092706388584
MSSM_RNA_PFC_253,0.14212867833643847,0.7708541514220151,0.006885134869459596,0,0.08013203537208688,0,0,0.3534652569816396,0.942664086971856
MSSM_RNA_PFC_254,0.05816154673264558,0.7586386407013755,0.04291871725485755,0.003319539796893298,0.13288511703057965,0.004076438483648445,0,0.6505497951040844,0.8265002127268183
MSSM_RNA_PFC_255,0.04631010890776865,0.8386454428607656,0.019624518106087403,0,0.09541993012537836,0,0,0.6166774973211718,0.8567976913339911
MSSM_RNA_PFC_256,0.16572829908833997,0.7189585645961427,0.005008751534787605,0,0.10895254291667526,0.0013518418640544312,0,0.27038446427100565,0.9644838372993433
MSSM_RNA_PFC_257,0.1554911888653116,0.7126636968423652,0.005608643125977134,0,0.12623647116634604,0,0,0.3131242858692553,0.9510659621803812
MSSM_RNA_PFC_258,0.1642300262678784,0.6892561812610309,0.004370189816397632,0,0.14214360265469295,0,0.010101010101010102,0.2182482708711732,0.9840520026839487
MSSM_RNA_PFC_26,0.06076302943864633,0.7658544268187496,0.01964851278979758,0,0.1537340309528064,0,0,0.545784424243115,0.8592819562157935
MSSM_RNA_PFC_304,0.407913538858394,0.4436630687912504,0,0,0.14842339235035562,0,0,0.37078536077933016,0.9292645809736322
MSSM_RNA_PFC_261,0.07729303357241094,0.7890396692252928,0.02999161466427876,0.0036045720894739165,0.09875416029132544,0.0013169501572182192,0,0.5579652928873751,0.8766623212244178
MSSM_RNA_PFC_262,0.1469018178389707,0.6914516607640738,0.010010973349605086,0,0.1516355480473505,0,0,0.3521453965798626,0.9369699796530084
MSSM_RNA_PFC_264,0.16423533915042218,0.6163891306183078,0.008525380340492272,0.010655418554830702,0.200194731335947,0,0,0.42712173382939694,0.9045004854088574
MSSM_RNA_PFC_265,0.08436236278902502,0.7659467723520361,0.03831948432521881,0.011013273167343539,0.10035810736637645,0,0,0.5033036747953233,0.8941221662457358
MSSM_RNA_PFC_266,0.08927089504239807,0.8101219903307846,0.009935999283380835,0,0.09067111534343646,0,0,0.4462054636152486,0.9136430238361098
MSSM_RNA_PFC_268,0.0683115731374902,0.7871285642077488,0.0019902396085602213,0,0.14256962304620083,0,0,0.6842304073617994,0.8057657598951565
MSSM_RNA_PFC_270,0.4062712600072207,0.4160504526536945,0,0.0463628119468295,0.113532876210853,0.017782599181402327,0,0.24660142954309436,0.970605079890487
MSSM_RNA_PFC_271,0.11465783179396287,0.6354901465376381,0.010449789324843275,0,0.2394022323435557,0,0,0.6097933725851724,0.8001764198129969
MSSM_RNA_PFC_272,0.18658407742477873,0.6231101555587114,0,0.006555872985166218,0.1837498940313437,0,0,0.34843609464331493,0.9392835343458268
MSSM_RNA_PFC_273,0.07740019851396224,0.8645852010552426,0.01797484678299919,0,0.04003975364779592,0,0,0.45913966999116246,0.9198632626548677
MSSM_RNA_PFC_274,0.13013231227572788,0.6652490210534872,0.0032965739652819842,0.015329356677897811,0.17286462962004595,0.01312810640755919,0,0.32666718485817464,0.9474654705211957
MSSM_RNA_PFC_276,0.13797288708836172,0.6474452087062584,0.027958144062374245,0.014344635204815067,0.17227912493819048,0,0,0.3668007467792395,0.930992854382841
MSSM_RNA_PFC_277,0.08931829800627192,0.833180615517702,0.020126925399791763,0,0.057374161076234324,0,0,0.5032734704000633,0.9057849275668365
MSSM_RNA_PFC_279,0.21463762315794094,0.6433753018033069,0,0,0.14198707503875213,0,0,0.4122793797620284,0.9153887739886337
MSSM_RNA_PFC_28,0.0801649611242534,0.8005397630655097,0.016967314906780915,0.01800500687197944,0.08432295403147648,0,0,0.4866906758992772,0.9037011993694921
MSSM_RNA_PFC_280,0.09704956458839022,0.691021367035444,0.021380234710098554,0.0187530246803665,0.1717958089857006,0,0,0.5741277609004234,0.8413384557250085
MSSM_RNA_PFC_281,0.07559528493739966,0.7901244414621209,0.05421643830817271,0.0033519988630226886,0.07671183642928402,0,0,0.6391582161954608,0.8614451082249834
MSSM_RNA_PFC_284,0.12453764808413036,0.7316924591461379,0.04429282024882045,0.01699681526657209,0.07977734762104968,0.0027029096332895635,0,0.4026474039017232,0.9297605151593347
MSSM_RNA_PFC_286,0.0660577826070423,0.8538560421278378,0.023917753834136978,0.0068239691845588335,0.04934445224642405,0,0,0.6311129525073824,0.8727721851215081
MSSM_RNA_PFC_287,0.05465437299299143,0.8623083642845679,0.026345072768564463,0.012447437824496657,0.04424475212937946,0,0,0.6344765017377875,0.8729716888721256
MSSM_RNA_PFC_288,0.10212897829378358,0.708053375656187,0.020869090193468564,0.032670540820282826,0.13512943296325702,0.0011485820730209998,0,0.41582843275925496,0.9149297187350056
MSSM_RNA_PFC_289,0.051597919951255046,0.8677262480645328,0.01291857609352852,0,0.06775725589068368,0,0,0.6093724583570718,0.8706168812636936
MSSM_RNA_PFC_29,0.07288995123652671,0.7591196531570489,0.009133922982435542,0.004965205928190025,0.15389126669579878,0,0,0.5158718333279309,0.8719103658083003
MSSM_RNA_PFC_290,0.09169162025251541,0.860476083302895,0.018395966693322857,0,0.029436329751266716,0,0,0.560314056732136,0.8964087113344422
MSSM_RNA_PFC_291,0.13728885987314446,0.6279285571393984,0.008505392039751222,0.005134814467666572,0.21321087817756412,0.007931498302475111,0,0.4742228439520567,0.8809508332291458
MSSM_RNA_PFC_295,0.05377076201808121,0.8424974291938275,0.013488033845255746,0.0054364872174380964,0.08480728772539742,0,0,0.6419253204121006,0.8542287735162197
MSSM_RNA_PFC_296,0.055785407899053965,0.8448576401064457,0.0070105080538999855,0.010105942225190224,0.08224050171541007,0,0,0.5779425451010227,0.8754554965028366
MSSM_RNA_PFC_297,0.06792926266792543,0.7768518985391302,0.028255382663974087,0.004449501167161102,0.11615848277337991,0.0063554721884293034,0,0.6159134164710657,0.8489117029119245
MSSM_RNA_PFC_298,0.06178372000042176,0.8601933745446372,0.013850061073777304,0,0.06417284438116377,0,0,0.5565872535720053,0.8877626416100284
MSSM_RNA_PFC_3,0.10412796139179198,0.7870008180123041,0.019011698182450607,0.022690371713863646,0.06716915069958965,0,0,0.31655601071034745,0.9535920244843537
MSSM_RNA_PFC_30,0.08770087294742754,0.7957157718517177,0.010286969607023733,0.002558323520730218,0.10373806207310088,0,0,0.4941588856858832,0.8953233001859379
MSSM_RNA_PFC_300,0.07880524750286076,0.706284466511324,0.012477351592123032,0.0130296036594898,0.18940333073420246,0,0,0.5721708834096897,0.8356394590869853
MSSM_RNA_PFC_302,0.09544440648070168,0.7740686932221449,0.024734461797924344,0.005410344130720207,0.09545752048446353,0.004884573884045377,0,0.5549836113647556,0.8796978626009214
MSSM_RNA_PFC_303,0.3184114917029364,0.4982213760953446,0,0.004392025618511994,0.17897510658320687,0,0,0.35824186662512003,0.9345274941175132
MSSM_RNA_PFC_331,0.09989071261931007,0.7510373811464033,0.0193482517357847,0.010895948157303496,0.11882770634119842,0,0,0.5585061178008017,0.8691051958179871
MSSM_RNA_PFC_305,0.09158242830298878,0.6906119333274684,0.010907744972773517,0.005713220281283537,0.2011846731154858,0,0,0.4371230696364061,0.8999413080336143
MSSM_RNA_PFC_306,0.21085981714615865,0.6043304545091187,0.0024654314845264165,0.010710846064006529,0.1625293134086392,0.009104137387550561,0,0.37087772178482614,0.9292665065794852
MSSM_RNA_PFC_308,0.09443845215750332,0.7550940671477413,0.028065275294491224,0.022256851867046307,0.09672602095590635,0.0034193325773116015,0,0.3942998952612294,0.9285103350247021
MSSM_RNA_PFC_309,0.09703766437794098,0.7516064145790591,0.037692436903728095,0,0.10128863190692564,0.012374852232346288,0,0.6052015712941924,0.8613342676762662
MSSM_RNA_PFC_31,0.08321387722283467,0.7669086680964149,0.012611759089849798,0,0.13726569559090063,0,0,0.6778925997831552,0.8128066160541043
MSSM_RNA_PFC_310,0.10785418506130783,0.7391171068124792,0.030460106144550213,0,0.12256860198166276,0,0,0.5757457229071269,0.861332261038718
MSSM_RNA_PFC_311,0.13627858188505113,0.7396826011222962,0.011621734333777164,0.0009,0.11154138327397997,0,0,0.5711727240089081,0.8682339334295867
MSSM_RNA_PFC_312,0.07019741650147047,0.714081132542575,0.0030765132024960077,0.010440702326461148,0.2022042354269974,0,0,0.37897555428582763,0.927861532003041
MSSM_RNA_PFC_313,0.09791614641936582,0.7679367943134457,0.024861525378166507,0.01555557821701652,0.09372995567200544,0,0,0.6381876463843374,0.854753601646381
MSSM_RNA_PFC_314,0.07514290508868664,0.8440386952892791,0.01809966140631058,0,0.0627187382157236,0,0,0.5434503276837553,0.8927457716777932
MSSM_RNA_PFC_315,0.18231612207924086,0.6786805832352943,0.0007,0.0004,0.1379071139387223,0,0,0.36633288788731166,0.9323560149125727
MSSM_RNA_PFC_316,0.053794372394834984,0.9228335245152852,0.009080034195720217,0,0.014292068894159635,0,0,0.5522611801530231,0.8968239944903692
MSSM_RNA_PFC_319,0.38672975299880735,0.5602947622376708,0.0024775422960915112,0.0025657377722862976,0.04745342162255574,0.0005,0,0.39316413174659226,0.9360906667308331
MSSM_RNA_PFC_32,0.08058966468245746,0.67658495801856,0.016542468178850654,0.005832537004364573,0.22045037211576746,0,0,0.60782512245651,0.8065386261444922
MSSM_RNA_PFC_320,0.07457620641690135,0.7699873622513125,0.012149349310559322,0.009269415679012273,0.13401766634221457,0,0,0.5756273222219773,0.85541563481017
MSSM_RNA_PFC_321,0.06802289309405417,0.8694243048618454,0.016377916812172776,0.007704489457710711,0.03847039577421699,0,0,0.5950458834692716,0.8849904927389736
MSSM_RNA_PFC_323,0.06689796963982689,0.8522269288317862,0.011629805648752333,0,0.06924529587963461,0,0,0.5791027314093508,0.8798940754331259
MSSM_RNA_PFC_326,0.09055834119068827,0.8550105142714812,0.017941111102537165,0,0.03649003343529337,0,0,0.4900048456768681,0.9131043751675175
MSSM_RNA_PFC_327,0.06398074903552389,0.8253859137552289,0.03191594590901259,0.001,0.07258776389921325,0.005155519640338597,0,0.590446418939894,0.8762702344180743
MSSM_RNA_PFC_328,0.06611779893017786,0.7872740012212944,0.0309645254347865,0.003439916131535569,0.10375316277282946,0.0084505955093763,0,0.5948953120283127,0.8621782896489835
MSSM_RNA_PFC_329,0.1196487791077997,0.5459509172147957,0.0035254927540764812,0,0.33087481092332816,0,0,0.7107686648535995,0.7043113359706232
MSSM_RNA_PFC_33,0.11193454995128554,0.7264027871429376,0.0048070796152791615,0.03240871601137789,0.12444686727911979,0,0,0.2540492885844686,0.969856180661785
MSSM_RNA_PFC_330,0.13311043537350575,0.6644834584825984,0.005708936894086027,0.010038779598733682,0.18665838965107612,0,0,0.49015788850212083,0.876082303312597
MSSM_RNA_PFC_336,0.2813264128613894,0.6158867079447564,0.012031491185150667,0.0008,0.08312474104904322,0.006793448836886737,0.010101010101010102,0.21510999918894164,0.9787557271845396
MSSM_RNA_PFC_337,0.06484337054369022,0.8379266652834266,0.018333208776066093,0,0.0788967553968171,0,0,0.5326494004281741,0.8904858404633359
MSSM_RNA_PFC_338,0.09040909745064853,0.8505824002175767,0.016202572317140545,0.00816363668412438,0.03464229333050993,0,0,0.34819977822741544,0.9483596673094087
MSSM_RNA_PFC_339,0.02455125721300749,0.9393611161994377,0.017806596492241505,0,0.018281030095313205,0,0,0.5568861295056321,0.893659888002539
MSSM_RNA_PFC_34,0.274427624157786,0.5100150787592213,0,0.019126218035394202,0.1964310790475986,0,0,0.4661042727985317,0.8858959527257132
MSSM_RNA_PFC_341,0.0704117379263594,0.8365237104500215,0.03783086743231271,0,0.05523368419130651,0,0,0.4756165391406391,0.9132143693092357
MSSM_RNA_PFC_343,0.2309668817942594,0.5013490616277299,0.0038044013715995938,0.025992546100933312,0.23788710910547778,0,0,0.5007920321816427,0.8653500057810326
MSSM_RNA_PFC_344,0.10188847202044164,0.8106758255048959,0.031719084350535186,0,0.05571661812412724,0,0,0.5219440970594398,0.9020807237889917
MSSM_RNA_PFC_345,0.03682806841315211,0.9128190939224163,0.017657997329025746,0,0.032694840335405845,0,0,0.6616102252105908,0.8646969298705599
MSSM_RNA_PFC_346,0.0699789214325271,0.7902589838568259,0.00653886399679156,0,0.1332232307138554,0,0,0.4577850224079067,0.8996452513498978
MSSM_RNA_PFC_347,0.13738816759678252,0.7404452637267094,0.0196277479500873,0,0.10253882072642086,0,0,0.36173831795636074,0.937505758542742
MSSM_RNA_PFC_350,0.09304991524921066,0.8442469187202132,0.00704561502262675,0,0.055657551007949405,0,0,0.5301789258513974,0.898734847475256
MSSM_RNA_PFC_351,0.1019224511449803,0.76694463294657,0.019548669324211287,0.008224342718665175,0.10335990386557319,0,0,0.6270139577866636,0.8529299943676281
MSSM_RNA_PFC_352,0.07934725668108769,0.728518096811711,0.040439511622051595,0,0.1516951348851498,0,0,0.7339066983549405,0.7790403383498491
MSSM_RNA_PFC_354,0.33407320226204823,0.5915304564469985,0.05285787851134423,0,0.021538462779609004,0,0.010101010101010102,0.17498470499699273,0.9873230941203669
MSSM_RNA_PFC_355,0.09208461866121505,0.7758869693325339,0.012797682650511875,0.011391428095188161,0.10783930126055101,0,0,0.6287312254849663,0.8495261495332723
MSSM_RNA_PFC_357,0.09438121950289824,0.7640955283694475,0.025955931237247435,0,0.11556732089040686,0,0,0.48000504044487335,0.8968376176898738
MSSM_RNA_PFC_358,0.07476015236613787,0.8601385685225348,0.014848588824263015,0,0.050252690287064306,0,0,0.5615942752205363,0.8909426851359139
MSSM_RNA_PFC_359,0.053440800306809436,0.90084834634308,0.025509559612140426,0,0.02020129373797026,0,0,0.5735331080710081,0.8916711170507636
MSSM_RNA_PFC_36,0.09853801370154397,0.7928075533238914,0.03963107189809955,0.006381322050530192,0.06264203902593492,0,0,0.4267828705981756,0.9258119029768305
MSSM_RNA_PFC_360,0.1877671857888104,0.6773238411116576,0.0025658417630134464,0.021699697502594508,0.11064343383392405,0,0,0.2548595922274834,0.9686330679274285
MSSM_RNA_PFC_364,0.06719691745398204,0.8216219035367923,0.03006940032998071,0.008476532569108873,0.07263524611013601,0,0,0.6611058993451611,0.8559400170676018
MSSM_RNA_PFC_365,0.1675169503885064,0.7419354495361281,0.0043913669653176295,0.018735390483908702,0.06742084262613929,0,0.010101010101010102,0.19018030651243034,0.9848053311703071
MSSM_RNA_PFC_366,0.08968740193141865,0.8749599095292695,0.011927309298685528,0,0.023425379240626387,0,0,0.5527911464479566,0.8985890125358532
MSSM_RNA_PFC_367,0.19661783981014777,0.7364259619130293,0.0050264105122376414,0,0.061929787764585284,0,0,0.33626655951408324,0.9495304949737745
MSSM_RNA_PFC_368,0.18942393947448347,0.6363150020207421,0.0032862811137890943,0.001066945175527697,0.1699078322154577,0,0,0.3216465713491475,0.9492406181653514
MSSM_RNA_PFC_37,0.0847298685740098,0.753754166231731,0.013878251008131509,0.015079594293017534,0.13255811989311014,0,0,0.5017926450467057,0.8841609617984999
MSSM_RNA_PFC_370,0.08517355326831552,0.6829452677021975,0.01602411130324943,0.004174500742428378,0.21168256698380916,0,0,0.45443346980747173,0.8912320729168249
MSSM_RNA_PFC_371,0.10441995261225384,0.8013727194360235,0.013085134976514113,0.004951095073879128,0.07617109790132941,0,0,0.3834507636286035,0.9347874854712389
MSSM_RNA_PFC_374,0.14775646164082912,0.7556701427175397,0.027589413785280528,0,0.06898398185635066,0,0,0.39705821575947814,0.9329993859309995
MSSM_RNA_PFC_375,0.0699738521257397,0.8341458404004803,0.03935035259834011,0,0.05652995487543981,0,0,0.46224490949168834,0.9165084325453604
MSSM_RNA_PFC_376,0.08282853702535209,0.8567382122505239,0.014921879721644481,0.007089378063461962,0.038421992939017435,0,0,0.5344926143280232,0.901531030326618
MSSM_RNA_PFC_377,0.06952528257738325,0.8876489771257864,0.0060505906149404785,0,0.03677514968188995,0,0,0.5099355728203439,0.906539221268967
MSSM_RNA_PFC_378,0.04274645456389666,0.8158415622655062,0.025270290021489394,0,0.11614169314910772,0,0,0.6598626110585527,0.8309149901622942
MSSM_RNA_PFC_379,0.10989315345897646,0.8012353435013788,0.016020614131846127,0.01168946618833649,0.061161422719462066,0,0,0.399104803548849,0.9332692567657164
MSSM_RNA_PFC_38,0.07236571931722341,0.9010612987693627,0.00916083245842667,0.005211685485618435,0.012200463969368858,0,0,0.33745907716709267,0.9515045908017601
MSSM_RNA_PFC_380,0.07757204552785418,0.8448443351640939,0.0384574023629953,0.01498279975378714,0.024143417191269424,0,0,0.3733412615481017,0.9431608156984044
MSSM_RNA_PFC_381,0.0702477536749052,0.835740910926798,0.017609403602689228,0.002174743857743056,0.0742271879378645,0,0,0.39995617440254844,0.9299523049940399
MSSM_RNA_PFC_382,0.0953751128321631,0.8678748251862706,0.003620883615443913,0,0.03312917836612236,0,0,0.4875255396204339,0.9139046598698465
MSSM_RNA_PFC_383,0.066991282545087,0.8187636953533367,0.023650634634408356,0.011353426875247456,0.07924096059192048,0,0,0.41717433184005565,0.924442463796113
MSSM_RNA_PFC_384,0.09780725964166101,0.8389764386702916,0.005078087420303953,0.012089259221344625,0.04604895504639884,0,0,0.2962116832909244,0.9600911869858942
MSSM_RNA_PFC_386,0.3972553028153231,0.5343409675625616,0,0.002052677174850921,0.05467431387291849,0.011676738574345886,0,0.2822073260733756,0.9621362122933097
MSSM_RNA_PFC_387,0.08231029321670331,0.8054157827763992,0.018611316224011906,0.004274975775476408,0.08938763200740915,0,0,0.46594215999618593,0.908160874639738
MSSM_RNA_PFC_388,0.21960044232078424,0.639382165577769,0.007037557984947833,0,0.11055916785470075,0.02342066626179824,0,0.2765661543265817,0.9623113397550187
MSSM_RNA_PFC_389,0.09849076022365846,0.7008442570717832,0.0745036896522831,0.05608497537543388,0.05576725991297731,0.014309057763864,0,0.38976726633564945,0.9368483553685584
MSSM_RNA_PFC_39,0.0951018155074887,0.7557986803734673,0.02912012953314846,0.021519189023247065,0.09846018556264845,0,0,0.45927328117112415,0.9086475392807396
MSSM_RNA_PFC_390,0.20260109678451002,0.716893118240638,0.0017890091725609625,0.006130957755547014,0.07258581804674406,0,0,0.32281701732433404,0.9518096279454583
MSSM_RNA_PFC_391,0.12950613374460704,0.7674484317977306,0.007177072789823969,0.023231325398282543,0.07263703626955571,0,0.010101010101010102,0.20983821755329862,0.9802849517409712
MSSM_RNA_PFC_392,0.06470100813208841,0.7729210145179822,0.029995177552981846,0.008212116023645223,0.1241706837733022,0,0,0.34658006748938097,0.9400589915265526
MSSM_RNA_PFC_394,0.09489938257680076,0.8118495133777729,0.005793300347382945,0,0.08745780369804335,0,0,0.4820820140506648,0.9037741915620726
MSSM_RNA_PFC_396,0.09561500906934914,0.7945092668568434,0.009435895851686162,0.009067289414852114,0.0913725388072692,0,0,0.4733689088341152,0.9057370722055335
MSSM_RNA_PFC_397,0.15109586272071615,0.7030145413924064,0.01024061233454236,0,0.13562109095864677,0,0,0.47415943604900557,0.8939902613248436
MSSM_RNA_PFC_398,0.10143912092113125,0.7921840544747357,0.01665493463682722,0,0.0897218899673058,0,0,0.4208096468509017,0.9217134333564355
MSSM_RNA_PFC_399,0.11973108960137444,0.7108201143146153,0.01781575690821395,0.01537451363152683,0.13625852554426948,0,0,0.5071310116455229,0.8816654603506967
MSSM_RNA_PFC_4,0.06811706357312922,0.7943446472323846,0.022070755052401175,0.0033929649433178926,0.10934694865855933,0.002727620540207814,0,0.5606537325925404,0.8710312244172116
MSSM_RNA_PFC_40,0.09976922647883278,0.8143438785401338,0.006705583125378317,0.007060262211163289,0.07212104964449183,0,0,0.5361454825759276,0.893199600627249
MSSM_RNA_PFC_41,0.17111180254184183,0.7075440843257161,0.008852819538949825,0,0.11249129359349229,0,0,0.4436060085877398,0.910405715385294
MSSM_RNA_PFC_42,0.13957991629035507,0.8164568023945566,0,0,0.03783412652869397,0.006129154786394398,0.010101010101010102,0.18736723121215096,0.9858869180319129
MSSM_RNA_PFC_43,0.08047592280694965,0.8248358968521533,0.008098976949104882,0,0.08658920339179203,0,0,0.568365447493706,0.8773907770695915
MSSM_RNA_PFC_44,0.1356678874869419,0.774798184998075,0.014199542404608113,0,0.07533438511037499,0,0,0.420231265367406,0.9253119456391453
MSSM_RNA_PFC_45,0.096879226807095,0.7808347571421185,0.016892198661739695,0.011735077538893917,0.09365873985015304,0,0,0.5856885097158803,0.8708385008222691
MSSM_RNA_PFC_46,0.0896964177369093,0.7816129122916604,0.01796785998256122,0.005912494538219565,0.10481031545064944,0,0,0.2748771710303234,0.9633628836536325
MSSM_RNA_PFC_47,0.21095227771241537,0.34948196993695285,0.00905699723846534,0.03223805574595165,0.3814684995067801,0.016802199859434628,0,0.5425674952598567,0.8676073152540079
MSSM_RNA_PFC_48,0.06932148751668987,0.8442820309168395,0.007050647271087229,0.003537428320431214,0.07580840597495207,0,0,0.42885980803713375,0.9214134421568372
MSSM_RNA_PFC_5,0.1036258948194173,0.7319817257657019,0.015071485202367818,0.01523229067416104,0.1340886035383521,0,0,0.565462839997201,0.8602774743743299
MSSM_RNA_PFC_50,0.10407987400735001,0.729340703593038,0.023728862312823642,0.005426139280624038,0.1374244208061642,0,0,0.5871814252970666,0.8503235524488131
MSSM_RNA_PFC_51,0.10246106094959094,0.7577332728416277,0.017003514085918527,0,0.12280215212286279,0,0,0.47950350583220447,0.8950283286934023
MSSM_RNA_PFC_52,0.32038734318751244,0.4907165701695963,0,0.01577518177928614,0.14891821420789503,0.02420269065571021,0.010101010101010102,0.2015299601022889,0.9899932879999513
MSSM_RNA_PFC_53,0.09206067952207798,0.8008270545568185,0.021391540837660317,0.011327126192833305,0.07325561001551521,0.0011379888750946859,0,0.4246276036814761,0.9241045427334825
MSSM_RNA_PFC_55,0.05967787684543672,0.7563775401519726,0.02085002622753081,0.02426666447052249,0.13882789230453743,0,0,0.43929015007777517,0.9054637452550811
MSSM_RNA_PFC_56,0.11298896668879849,0.8226520456633882,0.006496077235754494,0,0.0578629104120587,0,0,0.43295736728031936,0.9246328065818753
MSSM_RNA_PFC_57,0.08417240460241386,0.661823089331572,0.030799248812855864,0.007570661412049987,0.2142037453396294,0.0014308505014788359,0,0.739749350323693,0.7303883919659302
MSSM_RNA_PFC_58,0.07603637414379047,0.8604356338994861,0.03017656014543315,0,0.03335143181129033,0,0,0.5605570487042795,0.89525939663829
MSSM_RNA_PFC_59,0.07716006792197727,0.8278140420844385,0.0204332690279881,0.007641799890799718,0.06695082107479637,0,0,0.5797270405925538,0.882016107116861
MSSM_RNA_PFC_6,0.04895354603402674,0.7868923989918852,0.030741563677410436,0.005354453881047747,0.1280580374156298,0,0,0.6675819072755912,0.821874504936455
MSSM_RNA_PFC_61,0.0649618602147271,0.8593805508798157,0.016210535397213063,0.004311882592758685,0.05513517091548545,0,0,0.5285070393430965,0.8985308662207304
MSSM_RNA_PFC_62,0.07125562741420607,0.8159887128351384,0.01681804120471555,0.012108097092081539,0.08382952145385851,0,0,0.35612609348462143,0.9409863691115797
MSSM_RNA_PFC_63,0.22079388673698644,0.623677764835228,0,0.002701990774250957,0.1528263576535346,0,0,0.35997861229881,0.9337821713883774
MSSM_RNA_PFC_64,0.175964534168077,0.6369405018084636,0,0.02175447682414838,0.1465491333543761,0.018791353844934865,0,0.2668841236914667,0.9670573980364485
MSSM_RNA_PFC_65,0.08879839846463698,0.6333129377277797,0.014006066746071402,0.01492439019728829,0.23954827917761634,0.009409927686607264,0,0.4459627299269914,0.8967813321169875
MSSM_RNA_PFC_66,0.09503157441996281,0.6512853401659939,0.023979128708823027,0.014489521079324885,0.21521443562589532,0,0,0.5842705765327816,0.8217019621688496
MSSM_RNA_PFC_67,0.12302229794441391,0.6034767062669283,0.005754098323041123,0,0.26774689746561664,0,0,0.5608255822635865,0.8279242511925031
MSSM_RNA_PFC_68,0.046514810876749,0.8914763100281201,0.027090641529214865,0,0.034918237565915916,0,0,0.47973099355481613,0.9140827811003368
MSSM_RNA_PFC_69,0.11412428107672992,0.7585247578681825,0.01142263082434841,0.011724311076138324,0.1042040191546009,0,0,0.37027055083093224,0.934585342188329
MSSM_RNA_PFC_7,0.10486742555406543,0.8223707863212961,0.0321170728510819,0.0006,0.04005409694672306,0,0,0.35906472024160907,0.9456100210424913
MSSM_RNA_PFC_79,0.09977651180937616,0.6303546276193062,0.012578147099304193,0.0005,0.25676490281419917,0,0,0.6822405131673351,0.7463423235194943
MSSM_RNA_PFC_8,0.07040299492252139,0.8024844735009276,0.02040323660955868,0.009584797551440621,0.09712449741555174,0,0,0.42279982363514834,0.919306056671267
MSSM_RNA_PFC_80,0.1101155073986735,0.7985317503344427,0.06556226667630594,0,0.013418103168097715,0.012372372422480092,0,0.3930752822830335,0.9399914044825299
MSSM_RNA_PFC_81,0.060543901107130954,0.8441770965801642,0.03510816186074682,0,0.06017084045195807,0,0,0.6217488122901361,0.8712355898776125
MSSM_RNA_PFC_82,0.21798380616827753,0.5278046401597158,0,0,0.2542115536720067,0,0,0.5848430469975328,0.8131975259244779
MSSM_RNA_PFC_83,0.09063765304325799,0.44075338715410883,0.0022785245919112237,0.047855834997780705,0.4184746002129412,0,0,0.758143021321322,0.6561573549828759
MSSM_RNA_PFC_84,0.1240008043199823,0.733653210800324,0.0046542610112866424,0.0014233303728432816,0.1362683934955638,0,0,0.5622827477150013,0.8603849689109728
MSSM_RNA_PFC_86,0.05881628623113796,0.6480996565314817,0.009004189759683357,0.006623245872622612,0.27745662160507434,0,0,0.6792549385884191,0.7416595484410669
MSSM_RNA_PFC_87,0.1439703489759329,0.6969785940905147,0,0.0068419684042642665,0.1472593679793523,0.004949720549935917,0,0.28610838732786853,0.9609396151078683
MSSM_RNA_PFC_89,0.48249986847578225,0.41608724060174257,0,0,0.06719568660927881,0.034217204313196296,0,0.3005130268778698,0.9557817829503942
MSSM_RNA_PFC_9,0.12045413791043283,0.7734207429677057,0.021392278340500996,0.00748415749722705,0.07724868328413334,0,0,0.41013549769986735,0.9277320449825384
MSSM_RNA_PFC_91,0.046004536208678275,0.7851932845304956,0.02872640565686251,0.0018248684262660248,0.13825090517769761,0,0,0.6155514563431106,0.8367123810255792
MSSM_RNA_PFC_92,0.0646254457872195,0.7159004284720444,0.015238078384904196,0,0.20423604735583195,0,0,0.6679902752881675,0.7781192882782609
MSSM_RNA_PFC_95,0.14674657772513175,0.7735427747080814,0.005102796109552384,0.026075488191581106,0.04853236326565341,0,0,0.3257070912435143,0.9532473082936329
MSSM_RNA_PFC_96,0.19906324300409978,0.7346633191432049,0.00873675786328451,0,0.057536679989410686,0,0,0.4235654456868965,0.9286380610379883
MSSM_RNA_PFC_97,0.07878245500344423,0.8212249525658448,0.009158237897852492,0.011012928980931798,0.07982142555192656,0,0,0.5746643018303446,0.8787183198568115
MSSM_RNA_PFC_98,0.06775509851358567,0.8034100526430594,0.025968141968490975,0.006276480162634898,0.09166703334908301,0.00492319336314592,0,0.45019621655818787,0.9122211856687833
MSSM_RNA_PFC_99,0.1052328137245763,0.8268409531213847,0.023414158127533977,0.0019830420200419793,0.04252903300646295,0,0,0.566364740227437,0.8937362450697239
PENN_RNA_PFC_1,0.11759152922117891,0.7734947319612765,0.03360923965341851,0.0003,0.07499831110231439,0,0,0.3121162468176576,0.9542407575458236
PENN_RNA_PFC_2,0.0998631908093118,0.7597636102354876,0.013840959288366837,0.017071585909152608,0.10946065375768119,0,0,0.601176933325433,0.8587217335995595
PENN_RNA_PFC_3,0.06055463993357419,0.8271678611297884,0.0006,0.0015236563808461675,0.11017552981702011,0,0,0.5543233532433501,0.8718754823975694
PENN_RNA_PFC_4,0.09464209512437113,0.7853455812884966,0.014226105825244065,0.00935364480467132,0.09643257295721677,0,0,0.3952125509046882,0.9280744868257568
PENN_RNA_PFC_5,0.25121672355334357,0.5422221490486584,0.006910543278807748,0.02808718852561044,0.1521773446587843,0.01938605093479552,0,0.2940783231577188,0.9574786100693775
PENN_RNA_PFC_6,0.12006765120360158,0.7030901136247527,0.0012396902318749172,0.03339902983137997,0.1416381932693796,0.0006,0,0.2593532468950654,0.9695120161146995
PENN_RNA_PFC_7,0.12514946598970592,0.8060850521486157,0.015209863945441356,0.0005,0.0530114105284076,0,0,0.38326155348596813,0.9384392474055807
PENN_RNA_PFC_8,0.06389228906409929,0.7899810781534758,0.033057250697711836,0.026773789070374747,0.08629559301433824,0,0,0.3143097447042103,0.9524077720267302
PENN_RNA_PFC_9,0.08674591053515852,0.8053881188816872,0.009639614881510146,0.01378569149264171,0.08444066420900254,0,0,0.3581669653433956,0.9404543849911229
PENN_RNA_PFC_10,0.090723343033845,0.7737302332590652,0.009539492844741825,0.009551639025707223,0.11645529183664069,0,0,0.6173697835975493,0.8487538408887199
PENN_RNA_PFC_11,0.08991609388132857,0.7981173307553291,0.023955569348638232,0.01648318994794364,0.07152781606676045,0,0,0.558815431665393,0.88763492224983
PENN_RNA_PFC_12,0.0757156482444502,0.835814421614724,0.023179774619268737,0,0.06529015552155705,0,0,0.5048591563308598,0.9029334584795518
PENN_RNA_PFC_14,0.3020131777889634,0.48238181562887517,0,0.025146294188108938,0.18659038704497782,0.003868325349074617,0,0.3160294030630111,0.9528555519125342
PENN_RNA_PFC_16,0.06839448239424611,0.8050032908103496,0.03808629348125696,0,0.07335548517799378,0.015160448136153568,0,0.5062269411492337,0.9009259743006022
PENN_RNA_PFC_17,0.06925876532662564,0.6677545202946281,0.012673473086727697,0.01762047935451706,0.23269276193750155,0,0,0.5377496070559721,0.8446251358259631
PENN_RNA_PFC_18,0.06120349697934868,0.7891449094442587,0.019352648021152614,0.00533254397371032,0.12444232960406151,0.0005,0,0.5233678761374558,0.8782479384265414
PENN_RNA_PFC_19,0.06142802693140004,0.7711603251171674,0.002591441671457198,0.01299984077841639,0.15182036550155903,0,0,0.6335546262542358,0.8226575452600314
PENN_RNA_PFC_20,0.0784788997273499,0.7289864117334961,0.012421217167340662,0.004773385285217344,0.17534008608659601,0,0,0.6446231658691217,0.8056843799347472
PENN_RNA_PFC_21,0.0967290319775531,0.7797561327102761,0.00362648540153109,0.003931262875873058,0.11595708703476666,0,0,0.5614127602186094,0.8685414974866433
PENN_RNA_PFC_22,0.08761279845785098,0.7899487641226436,0.013820852685594692,0.01339378212583367,0.09522380260807707,0,0,0.4709998961963802,0.9054009138624052
PENN_RNA_PFC_23,0.06258405618622899,0.7821001771396496,0.02543243650673102,0.0007,0.12919357404624224,0,0,0.586960488728137,0.8527238804659678
PENN_RNA_PFC_24,0.07090016219691495,0.8347613946488317,0.025842726980147317,0,0.06849571617410602,0,0,0.6312514894830688,0.8657881355232565
PENN_RNA_PFC_25,0.0857457894553614,0.7709454777143817,0.009750454313928918,0.00605366172239593,0.12750461679393207,0,0,0.45439150533206263,0.9024602314717942
PENN_RNA_PFC_26,0.0784006451500474,0.8278812398395019,0.0161763393064661,0.011146676598571948,0.0663950991054126,0,0,0.5658046978799752,0.886261761750099
PENN_RNA_PFC_27,0.06281445637968373,0.8487213853328717,0.008123849113482969,0.007938614110782912,0.07240169506317871,0,0,0.513613291984499,0.8980195090478288
PENN_RNA_PFC_28,0.07299196107478853,0.8154179657908142,0.0049887949507525535,0,0.10660127818364472,0,0,0.6345050776823362,0.846210266073869
PENN_RNA_PFC_31,0.1296459819691913,0.7743317874601152,0.0029143698110385497,0,0.09310786075965495,0,0,0.5234080078909031,0.8904107214769605
PENN_RNA_PFC_32,0.0879317183126977,0.7808084585585776,0.023658672975430457,0.01281015048518856,0.09479099966810567,0,0,0.33984587707703534,0.9446098730588585
PENN_RNA_PFC_33,0.0680760219623315,0.8659112573505356,0.01359630959366985,0.0049370162616970605,0.04747939483176598,0,0,0.6068246668190418,0.8793790604951531
PENN_RNA_PFC_34,0.08897029130203214,0.837311428715945,0.004300084626070685,0.007663191976071764,0.061755003379880484,0,0,0.40278066725728606,0.9314919996902289
PENN_RNA_PFC_35,0.21102626188549356,0.6410937483439149,0.002666459898835604,0.008831767288935326,0.1363817625828206,0,0,0.3491519160928011,0.9383296541791605
PENN_RNA_PFC_37,0.07461007885849465,0.868333666383315,0.018881230717138063,0.0012142201529876033,0.03696080388806474,0,0,0.38457662557659117,0.9388760663901817
PENN_RNA_PFC_38,0.27022214966360814,0.5877041880951629,0,0.013826641023440833,0.12236084782033035,0.005886173397457711,0,0.2665737765943123,0.9652880292188393
PENN_RNA_PFC_39,0.1068549443429874,0.8222808139803122,0.008595312814993391,0.017880090548286546,0.04438883831342048,0,0,0.35150741018946247,0.9470538495691554
PENN_RNA_PFC_40,0.09230773654482147,0.6937913627980159,0.0256824688609022,0.011091373878799457,0.17712705791746106,0,0,0.5217956734770769,0.8634101306858118
PENN_RNA_PFC_41,0.14938217616676452,0.680851347871932,0.005737080684051361,0.0015838271371775093,0.16244556814007455,0,0,0.3882919852266443,0.9226313485894324
PENN_RNA_PFC_42,0.09035798855277088,0.7557366797717007,0.020107622558259458,0.009363398531255302,0.12443431058601369,0,0,0.5000054290488164,0.8873936840289777
PENN_RNA_PFC_43,0.07794665920636257,0.7599149225503824,0.0714562598014636,0.007920114887159633,0.08276204355463178,0,0,0.5131637203434032,0.8968031861119103
PENN_RNA_PFC_44,0.08889235033263661,0.8704388808767625,0.008553464056890602,0,0.03211530473371035,0,0,0.5706694643785379,0.8927749064263442
PENN_RNA_PFC_45,0.06988578582362918,0.8113883560730255,0.01092678457510843,0.013489020363018807,0.0943100531652181,0,0,0.4605365215922901,0.9083297356187515
PENN_RNA_PFC_46,0.07070115875785636,0.7835155043706399,0.026042662052519396,0.01308643641750309,0.1066542384014812,0,0,0.4690297121905204,0.9027110856865526
PENN_RNA_PFC_47,0.03454038214047053,0.7920440714398419,0.03033352766994083,0,0.14308201874974674,0,0,0.5891082567388033,0.8448078197359652
PENN_RNA_PFC_48,0.06383113404902584,0.8778308458272526,0.00862754504070592,0,0.04971047508301569,0,0,0.5172681110890606,0.9021409114870317
PENN_RNA_PFC_49,0.045559570408363274,0.7910431192078026,0.019799790706337826,0.004067475827951537,0.13953004384954476,0,0,0.6783364013356307,0.8099220504620799
PENN_RNA_PFC_50,0.0619504130284159,0.8930815568293071,0.008657687089648801,0,0.03631034305262824,0,0,0.5267283018856376,0.9019084495749257
PENN_RNA_PFC_52,0.11691631013120038,0.8052226210046882,0.005009897284063758,0.0006,0.07227586926024826,0,0,0.5266764151502782,0.8960244874744153
PENN_RNA_PFC_53,0.06732800138751804,0.8621938063354199,0.0072287347625572965,0.010511895087071786,0.052737562427433014,0,0,0.4378318848961238,0.9232613757980488
PENN_RNA_PFC_54,0.12910137705124763,0.8221797026881412,0.007006094744569502,0,0.04171282551604159,0,0,0.3103406188968032,0.9571881607921313
PENN_RNA_PFC_55,0.0900133987510939,0.8011528601378018,0.01570031286371072,0.010274878672148659,0.08285854957524483,0,0,0.5453017102601282,0.8870066228843994
PENN_RNA_PFC_58,0.10291195082694785,0.8160116294448264,0.0055438957194016945,0.010925664991736993,0.06460685901708704,0,0,0.36534358584571697,0.9411967135239895
PENN_RNA_PFC_59,0.052934949600070606,0.8914726239917456,0.017362698695460234,0,0.03822972771272347,0,0,0.6171367115409222,0.8772476067478066
PENN_RNA_PFC_61,0.08840163908753869,0.7143608542692511,0.009255650653887955,0.013574852729770617,0.17440700325955166,0,0,0.5260775636872552,0.8620466046897263
PENN_RNA_PFC_62,0.0696268765547769,0.8162618384886573,0.020731352454068572,0.010763311834899444,0.08261662066759777,0,0,0.5553660176232698,0.8833631357728219
PENN_RNA_PFC_63,0.07007259320935422,0.8504810066359405,0.012247832934772563,0.009130312399172696,0.058068254820759946,0,0,0.5497975495755995,0.8924394791109103
PENN_RNA_PFC_64,0.11620901405913871,0.6725906810802162,0.025226604788181603,0.01985173286702946,0.16612196720543398,0,0,0.4726193798479858,0.8875911846348472
PENN_RNA_PFC_65,0.06684879689419303,0.8121192247189923,0.008603287179785745,0.01178201956728097,0.10064667163974791,0,0,0.41417961825003924,0.9211171724045284
PENN_RNA_PFC_66,0.09953349103554704,0.7398076518090809,0.007988414763780387,0.010008344256768425,0.14266209813482325,0,0,0.5415598190189949,0.8657738360985849
PENN_RNA_PFC_67,0.06816485344265656,0.7826391491238885,0.025649421303073634,0.00639281475919777,0.11715376137118348,0,0,0.5984282734868178,0.854550621730556
PENN_RNA_PFC_68,0.07358245616020875,0.793999896373658,0.017540099357194024,0.026905198174843492,0.08797234993409575,0,0,0.49177864462877185,0.9011123900246185
PENN_RNA_PFC_69,0.134233257860599,0.715186134575929,0.002714134910306868,0.01188004847147159,0.13598642418169365,0,0,0.32728771375354604,0.9460577312624846
PENN_RNA_PFC_70,0.13773046178912535,0.7006039184821914,0,0.0033160824908317742,0.15834953723785142,0,0,0.4626372964767965,0.8931572371863874
PENN_RNA_PFC_71,0.4565656127452878,0.3795501718566158,0,0.015801231025852177,0.11245299979168077,0.03562998458056356,0.010101010101010102,0.1764412018880235,0.9927147963443619
PENN_RNA_PFC_73,0.08451754110594234,0.766270003987844,0.03327793281639596,0.01027414381720937,0.10566037827260834,0,0,0.5278139891617988,0.8843749870576847
PENN_RNA_PFC_74,0.06345881723739975,0.8438931736609965,0.01593946408688596,0.0005,0.07616176098662589,0,0,0.5065487804907738,0.8988841343421854
PENN_RNA_PFC_76,0.056993979057395734,0.8330256947788172,0.009889494911079476,0.019455937568426212,0.08063489368428133,0,0,0.43012512667779795,0.9201539128997578
PENN_RNA_PFC_77,0.10740953912681701,0.7443373550956597,0.011505508196853627,0.03501755609082559,0.1017300414898441,0,0,0.29781616010269973,0.9561696897310069
PENN_RNA_PFC_78,0.09290495668563807,0.7469047338856949,0.015013112070992964,0.008841707134314347,0.13633549022335964,0,0,0.6091012471996862,0.8419179006634268
PENN_RNA_PFC_79,0.14563715972623362,0.7415484044389278,0.01455670732572793,0,0.09825772850911065,0,0,0.46662802272485987,0.9066990232662487
PENN_RNA_PFC_80,0.09061858179252856,0.750551819133048,0.01565504153838038,0.021077114974254362,0.12209744256178857,0,0,0.48926374434034564,0.8919866956741531
PENN_RNA_PFC_81,0.07800895119887248,0.7645911379288233,0.006337727295632478,0.011294006124652154,0.13976817745201964,0,0,0.579107847061074,0.8516068879788002
PENN_RNA_PFC_83,0.12462983696617608,0.7398313622940216,0.029072155271584195,0.004931341959741207,0.10153530350847685,0,0,0.41516529154427523,0.9215548919623383
PENN_RNA_PFC_85,0.06044017096852633,0.9007316589518016,0.005630089284748067,0,0.033198080794923875,0,0,0.5553115838552485,0.8946308694087673
PENN_RNA_PFC_86,0.07808489227036595,0.829508402314094,0.01599252443208046,0.008425093396570583,0.06798908758688905,0,0,0.5362793547965529,0.8938489040216089
PENN_RNA_PFC_87,0.04588747823453008,0.8147988606909391,0.06340334481677903,0.003539405898248866,0.07036003385131749,0.002010876508185463,0,0.5470286649574214,0.8892670993750623
PENN_RNA_PFC_88,0.07661563231595153,0.8241967674487171,0.032678202014262976,0.007058350639222489,0.055601066104815584,0.0038499814770303906,0,0.4776952438898244,0.9132472208045956
PENN_RNA_PFC_90,0.0699940323109257,0.8677625356706267,0.00620960597958961,0,0.05603382603885801,0,0,0.48439529173816215,0.9099173388139508
PENN_RNA_PFC_91,0.11837579754232735,0.7917344565858316,0.005358795675955939,0.010024661081819132,0.07450628911406598,0,0,0.23312235671024806,0.9747654060996217
PENN_RNA_PFC_92,0.09050471515995241,0.7983976280562849,0.0279255403899165,0.010517884908152506,0.07265423148569362,0,0,0.5095919958293288,0.9008882243885891
PENN_RNA_PFC_94,0.06300867312561893,0.803174479042943,0.017597249027848136,0.014711495036090656,0.10150810376749925,0,0,0.5360256846727148,0.8823104982184601
PENN_RNA_PFC_95,0.06999648538494221,0.7432186543962708,0.035587350006296224,0.004011208459719402,0.1420786908540852,0.005107610898686275,0,0.5984066842690188,0.8429822361295058
PENN_RNA_PFC_96,0.08444009071702017,0.8206133115730434,0.01027755694803302,0.012188249423789155,0.07248079133811415,0,0,0.4353738928512864,0.9209339877127262
PENN_RNA_PFC_97,0.17693158290702868,0.772581553314542,0.0028585769989004687,0,0.04762828677952894,0,0,0.44201214018798624,0.9254178149921343
PENN_RNA_PFC_98,0.08822997492492397,0.6739562933960868,0.007921203710912738,0.00924302291674117,0.2153727509714511,0.005276754079884214,0,0.6183730500110411,0.8022159018567354
PENN_RNA_PFC_99,0.05730752502164781,0.7547865536499124,0.01004836195400406,0.007789887091619787,0.17006767228281583,0,0,0.6683172612640861,0.7964671437479549
PENN_RNA_PFC_100,0.05907776840130227,0.8730107314245079,0.01627032734931733,0,0.05164117282487255,0,0,0.5752487809064007,0.8859499627920477
PENN_RNA_PFC_101,0.12442061519206266,0.6964395150503885,0.015299796571108523,0.00699270968315392,0.1568473635032865,0,0,0.5576804202685945,0.8543826119219734
PENN_RNA_PFC_103,0.06259807992262291,0.7923109490101742,0.012652938640321942,0.015896706628034423,0.11654132579884666,0,0,0.6122856516525793,0.8497104141739363
PENN_RNA_PFC_104,0.07526289038742433,0.7451490443670898,0.011802280031131393,0.013109443318427725,0.15467634189592674,0,0,0.5754908347750156,0.8468845619059072
PENN_RNA_PFC_105,0.07599131067814992,0.8175098375383034,0.014289375907492007,0.0034855603904770335,0.08872391548557768,0,0,0.5341512815418575,0.8873610770699362
PENN_RNA_PFC_106,0.09285259223635825,0.8205882213073404,0.015766960552506402,0.011568896171047055,0.059223329732747874,0,0,0.5333236497206832,0.8980214822608282
PENN_RNA_PFC_107,0.056693392276310976,0.856877011647422,0.019087675195658377,0.009447940815613743,0.0578939800649949,0,0,0.5387679848334598,0.89501465359136
PENN_RNA_PFC_108,0.08162223754774829,0.823941921682832,0.01680951959891707,0.011054406649761839,0.06657191452074082,0,0,0.451386765334315,0.91781511133413
PENN_RNA_PFC_109,0.07878067342251603,0.8059553443281643,0.016289045662159097,0.00936744460654185,0.08960749198061876,0,0,0.6235035826581442,0.859751688889245
PITT_RNA_PFC_10003,0.07436071128075446,0.8439204129839094,0.034971127783720406,0,0.046747747951615654,0,0,0.6152977319150892,0.8781517936193909
PITT_RNA_PFC_10005,0.09835870458921334,0.7897749417361103,0.033642325420177914,0.005466853883742341,0.0727571743707561,0,0,0.5728159419088733,0.8832844729614088
PITT_RNA_PFC_10020,0.05516885402637218,0.9133553600339196,0.009241776110247525,0,0.022234009829460673,0,0,0.5080906626745738,0.9079143839616305
PITT_RNA_PFC_10023,0.05693775118041772,0.88729818505569,0.04293257112190956,0,0.012831492641982651,0,0,0.5863319579192579,0.8896384654416194
PITT_RNA_PFC_10024,0.06377689486752083,0.8503168524659984,0.04175085393419992,0,0.04415539873228083,0,0,0.6056724182905613,0.8808492580096605
PITT_RNA_PFC_10025,0.07829861494284837,0.8279104218073094,0.02293599448267309,0,0.0708549687671691,0,0,0.5498664315424742,0.8887958347504096
PITT_RNA_PFC_10026,0.07239893338693375,0.8587429336956462,0.022457281518962896,0.004891291329436707,0.04150956006902045,0,0,0.5927352958023181,0.8852918430013038
PITT_RNA_PFC_1026,0.06984215880341774,0.8817400320513351,0.01926558780850348,0,0.029152221336743604,0,0,0.5442508451675989,0.8992316398377155
PITT_RNA_PFC_1047,0.1091208670064283,0.7929318767401725,0.030435217545471654,0.006414708656358492,0.06109733005156909,0,0,0.5897900747372907,0.8832308935343255
PITT_RNA_PFC_1086,0.07155636361715166,0.8502468002339955,0.01516555642900626,0,0.06303127971984666,0,0,0.6080521882032276,0.874122574363633
PITT_RNA_PFC_1088,0.05728900640274813,0.8897536653702544,0.02988449551230944,0,0.02307283271468806,0,0,0.5709891811984185,0.892549645989047
PITT_RNA_PFC_1092,0.05821710194568397,0.8647381196836884,0.04213461256023991,0.003977540532911467,0.03063176146924332,0.0003,0,0.5999879229582813,0.885048702295131
PITT_RNA_PFC_1099,0.0782807766474696,0.8564909996406387,0.035891535590387394,0.00559421084802176,0.02374247727348262,0,0,0.617689622245872,0.8829133125497192
PITT_RNA_PFC_1105,0.07189062912183178,0.8113701126149983,0.0381852429101981,0.0022081486416060925,0.07634586671136574,0,0,0.5386865426970705,0.8904790129415118
PITT_RNA_PFC_1122,0.1294057768185956,0.7497246835519333,0.04087537772271726,0.01123293340197968,0.06876122850477408,0,0,0.5379587889435243,0.896083426216717
PITT_RNA_PFC_1173,0.07725026896410103,0.8651831502388976,0.028045072824626118,0,0.02952150797237531,0,0,0.5964709496348555,0.88659941491693
PITT_RNA_PFC_1178,0.06965001964876964,0.8804676932615643,0.01673003991726205,0.0041654571623085754,0.028986790010095444,0,0,0.5978673974721848,0.8856802795006161
PITT_RNA_PFC_1188,0.06403140358035567,0.8714939075743579,0.019939743549396666,0,0.04453494529588986,0,0,0.587404214583296,0.8848651570048748
PITT_RNA_PFC_1189,0.051449341488615664,0.866967581461534,0.03316179873619315,0,0.048421278313657244,0,0,0.6454936239504813,0.867539262980776
PITT_RNA_PFC_1191,0.06028959532202979,0.8673796037859206,0.03385645514906155,0,0.03847434574298799,0,0,0.6137637648714731,0.8794283117085635
PITT_RNA_PFC_1201,0.06779534715620175,0.8852287817597536,0.013779813634283622,0,0.033196057449761035,0,0,0.5925309053790382,0.8857285488315153
PITT_RNA_PFC_1209,0.07565185648567681,0.8276750282287177,0.03326215092250108,0.0061703905362578354,0.057240573826846546,0,0,0.597218005303384,0.8806012748780534
PITT_RNA_PFC_1211,0.06953643516144255,0.8609657984431196,0.027607427448687414,0,0.041890338946750434,0,0,0.61507405294738,0.878785058997973
PITT_RNA_PFC_1222,0.05187120337944737,0.905651839497477,0.014311015398651067,0,0.028165941724424624,0,0,0.6262464198637825,0.8762781441258236
PITT_RNA_PFC_1230,0.08025697821850446,0.8601039145077817,0.0069730397831149595,0.025066014045041243,0.02760005344555766,0,0,0.3184302568384522,0.9556340269354704
PITT_RNA_PFC_1240,0.06348789323928629,0.9068771950256737,0.01485778289799414,0,0.014777128837045893,0,0,0.5859402264631762,0.8890432367862032
PITT_RNA_PFC_1247,0.08430493837144644,0.8398301028162299,0.030002785777916124,0,0.045862173034407455,0,0,0.5601647256673724,0.8934685489242655
PITT_RNA_PFC_1256,0.09888057414733586,0.8111924385786221,0.04639944201253566,0.002067922130416619,0.0414596231310897,0,0,0.594482757549252,0.8871623974788013
PITT_RNA_PFC_1268,0.09005612164412657,0.837339859998775,0.026983790718845133,0.0018754846969019439,0.043744742941351354,0,0,0.621782415525106,0.8782314421733496
PITT_RNA_PFC_1270,0.09258845255248857,0.8173896337843621,0.036323630623826174,0.005720037983373628,0.047978245055949505,0,0,0.587119016394295,0.8871130163906571
PITT_RNA_BP_PFC_1282,0.07190482192257588,0.8316686748648435,0.04149623549167309,0,0.054930267720907554,0,0,0.6227580573521767,0.8737449531249797
PITT_RNA_PFC_1284,0.0808791933624345,0.8448017757776942,0.016098649406338445,0.0033208825953499827,0.0548994988581829,0,0,0.581962352616201,0.8849071309685912
PITT_RNA_PFC_1307,0.05944657928905184,0.8616540460645213,0.01982063779515834,0.0008,0.05824609616166865,0,0,0.6311979504082765,0.8685997121227873
PITT_RNA_PFC_1314,0.06762293930111246,0.876471100363642,0.01747863208813188,0,0.0384273282471137,0,0,0.6268650404628844,0.875788609919177
PITT_RNA_PFC_1324,0.08925832534734639,0.843545461826164,0.017568552897062578,0.0015560017521092223,0.04807165817731791,0,0,0.579963750375661,0.8876994957382921
PITT_RNA_PFC_1326,0.0729643393706343,0.8490364479774966,0.027721710116150593,0,0.05027750253571852,0,0,0.6188768275151613,0.8758141738736146
PITT_RNA_PFC_1336,0.06590758833956438,0.8541713516169276,0.02806705395751451,0,0.0518540060859935,0,0,0.6077226423653074,0.8779141807763627
PITT_RNA_PFC_1341,0.09123608663854829,0.8492736267672388,0.014356607255625107,0.017428405724375824,0.027705273614211972,0,0,0.388185391886354,0.9394741386299729
PITT_RNA_PFC_1350,0.06594049742394946,0.8847769317664935,0.020214360735186242,0,0.029068210074370753,0,0,0.646945809569267,0.8721865668518498
PITT_RNA_PFC_1361,0.06359050318143064,0.738819404833472,0.0264285549626053,0.002022899525083298,0.16913863749740884,0,0,0.5838025746487502,0.8370843999349421
PITT_RNA_PFC_1367,0.07781102887511407,0.8686102073738571,0.017425772833521244,0,0.0361529909175076,0,0,0.6363599038639478,0.8745546324046914
PITT_RNA_PFC_1372,0.07341379571568639,0.8316566097147757,0.044314659300373815,0,0.05061493526916398,0,0,0.5999520467430356,0.8814527840307735
PITT_RNA_PFC_1374,0.051900974646993225,0.8933734588918131,0.028014565124737458,0,0.026711001336456285,0,0,0.6200979510118648,0.8787951135259041
PITT_RNA_PFC_1386,0.08377640872651695,0.8416106528791133,0.023796890917618493,0,0.050816047476751273,0,0,0.619820395196938,0.8760036786040416
PITT_RNA_PFC_1391,0.059478633199939825,0.8619629763757067,0.025703917648325747,0,0.05285447277602768,0,0,0.6541007207523832,0.8641081210304423
PITT_RNA_PFC_1420,0.06326258411087084,0.8323383138118037,0.04162034842550675,0.004886860901420364,0.05789189275039844,0,0,0.6463643690799319,0.8660402740372233
PITT_RNA_PFC_1433,0.07144179840559702,0.8408720029000519,0.0499614883480535,0.0017538074411382735,0.03597090290515929,0,0,0.5630731675432405,0.8946332981013335
PITT_RNA_PFC_1453,0.08610345503837732,0.8425252380382713,0.014107209889609961,0.0003,0.056963217324278316,0,0,0.5724875173216762,0.8868582230099975
PITT_RNA_PFC_1454,0.09362267265778056,0.8034462151320649,0.06666585778007596,0.001,0.032381272358656704,0.0029134081755687407,0,0.4035235623431369,0.9357749967274087
PITT_RNA_PFC_1455,0.07269418979376989,0.862349824400514,0.019111174530703597,0.009712733353950195,0.0361320779210624,0,0,0.5997806554331315,0.8848557397246346
PITT_RNA_PFC_1466,0.07875151132541801,0.8205980083120237,0.045843895292865255,0,0.05480658506969313,0,0,0.5737072717918553,0.8877180225979046
PITT_RNA_PFC_1472,0.09057141659314796,0.7935912916650287,0.025467187617334016,0,0.09037010412448916,0,0,0.5718691021065608,0.875794865666828
PITT_RNA_PFC_1474,0.005163856949112081,0.9540707754333612,0.019304891850083154,0,0.02146047576744356,0,0,0.6730131956256238,0.8596999279044621
PITT_RNA_PFC_1506,0.06555228234115378,0.8130790081934648,0.010917950809345838,0,0.11045075865603557,0,0,0.5557037322597552,0.8716803630494369
PITT_RNA_PFC_1518,0.0652856880479065,0.8747066217027487,0.028508714713679596,0,0.031498975535665226,0,0,0.6127150483943887,0.881180619243562
PITT_RNA_PFC_1524,0.08576164258190931,0.7696249696703722,0.07181240468622317,0.0018591991443404775,0.06670220503519085,0.004239578881963955,0,0.5750604611091121,0.8847741154423144
PITT_RNA_PFC_1542,0.054217319610914444,0.8648802922776667,0.0175537082504945,0,0.06334867986092431,0,0,0.6321352361929431,0.8659342200729718
PITT_RNA_PFC_1543,0.0657906757023864,0.8724031209058289,0.022888809286651313,0,0.038917394105133306,0,0,0.6150229104032994,0.8789682862053934
PITT_RNA_PFC_1554,0.0678087938910438,0.8432300638672003,0.02699578173618013,0,0.06196536050557572,0,0,0.632543116359069,0.8677462367630401
PITT_RNA_PFC_1555,0.05665059536226236,0.8797277074369113,0.02336359472045557,0.0032123039855534393,0.037045798494817365,0,0,0.6193232037345444,0.8778471950097073
PITT_RNA_PFC_1558,0.08185910425489272,0.8014060163859816,0.04433189490274952,0.006496347249467588,0.061379684808224096,0.004526952398684467,0,0.627016958322071,0.8720283687501483
PITT_RNA_PFC_1579,0.079067039916967,0.8458950487014301,0.015961388434347853,0.002511169178320805,0.0565653537689343,0,0,0.5176421605111763,0.9017074482130913
PITT_RNA_PFC_1581,0.11059185263641631,0.7898597404017846,0.04098763452209694,0,0.05856077243970202,0,0,0.56475552184087,0.8905901815904719
PITT_RNA_PFC_1583,0.07832497335454383,0.8464616609473667,0.019833998881344662,0,0.05537936681674467,0,0,0.5994197115779624,0.8796709217477127
PITT_RNA_PFC_1635,0.07832344670900605,0.8657416314989479,0.011113089977751288,0,0.04482183181429486,0,0,0.5385776418988301,0.8983395904612224
PITT_RNA_PFC_1649,0.0898723195279029,0.8644974031757704,0.021608561841708,0.005808663698562525,0.018213051756056184,0,0,0.6234118180413646,0.8822538002190058
PITT_RNA_PFC_1686,0.06393867511143922,0.8701565938645871,0.0184050846606299,0,0.04749964636334379,0,0,0.5941595501055731,0.8822534770831902
PITT_RNA_PFC_1691,0.04721079038699099,0.9218187896547053,0.013994779654933514,0,0.016975640303370208,0,0,0.6266931920903057,0.8768133568983121
PITT_RNA_PFC_1706,0.10027747555919064,0.8175444495521256,0.03234924505192103,0.002925754294931426,0.04690307554183129,0,0,0.5491522546456749,0.8972893602382065
PITT_RNA_PFC_1712,0.05341801278279136,0.8861386810028182,0.03472414115856913,0,0.025719165055821364,0,0,0.504634666995801,0.9092369019263816
PITT_RNA_PFC_1792,0.0874198332771489,0.8443786781598921,0.021952587555941337,0,0.046248901007017645,0,0,0.6143862093916583,0.8789263248816432
PITT_RNA_PFC_516,0.06727563808142034,0.8797556229690604,0.02649555265468418,0.0035035784307161644,0.022969607864119047,0,0,0.6441178816229629,0.8746207365983013
PITT_RNA_PFC_533,0.06642988346389969,0.842685213945034,0.03375372678518368,0,0.05713117580588258,0,0,0.6385642289180176,0.8679300109572566
PITT_RNA_PFC_539,0.04680644547874717,0.9050874559489005,0.024547019602486987,0,0.02355907896986534,0,0,0.6286295822970407,0.8762810699242664
PITT_RNA_PFC_546,0.11992868632664748,0.7940208600569003,0.0439021729332244,0.0010086818529815881,0.04113959883024621,0,0,0.5653680376294655,0.8956055273134367
PITT_RNA_PFC_547,0.039925429732926704,0.9269043609463324,0.007949595821849231,0,0.025220613498891657,0,0,0.6362633313793189,0.8724914107682203
PITT_RNA_PFC_551,0.07288248556699288,0.8382017409429634,0.017345451144618412,0.0028765593286598076,0.06869376301676551,0,0,0.6226464871044299,0.8682880963745105
PITT_RNA_PFC_566,0.028267950762051384,0.9409055598768705,0.017001885626365097,0,0.013824603734713,0,0,0.6210429108988901,0.8768689602481896
PITT_RNA_PFC_581,0.07085853821971912,0.8798683779533589,0.023800957718107488,0,0.025472126108814434,0,0,0.6042672048457465,0.8844548067610049
PITT_RNA_PFC_587,0.05437021863958243,0.8206408704885139,0.06784282608790673,0,0.05714608478399697,0,0,0.4966950514296663,0.9069061707956217
PITT_RNA_PFC_592,0.07631018795462054,0.8299370977999755,0.044005756479137556,0.006318746152960175,0.043428211613306296,0,0,0.6156936545953189,0.8800205607267425
PITT_RNA_PFC_604,0.08002576551585808,0.8473723530537502,0.02248485102661936,0.00447104884320566,0.04564598156056669,0,0,0.6324253406848028,0.874243520009531
PITT_RNA_PFC_621,0.06797750221338648,0.8640870165507042,0.014085723352750235,0.010007215889444714,0.04384254199371434,0,0,0.5952584659286247,0.8838447282605002
PITT_RNA_PFC_622,0.05328537427918569,0.8853817029432489,0.021044370121352428,0.010079719935167358,0.030208832721045527,0,0,0.3271721870465489,0.9531340561597014
PITT_RNA_PFC_625,0.09535613851153894,0.8311692308246005,0.04099957619239954,0,0.032475054471461026,0,0,0.5841941897881242,0.8909651435328821
PITT_RNA_PFC_630,0.04899599186921317,0.8732512266639343,0.024968079124299315,0,0.052784702342553266,0,0,0.6164988707658053,0.8738116139489084
PITT_RNA_PFC_634,0.029683019300849794,0.8938740680797164,0.020283894401305104,0.009239598773966523,0.0469194194441622,0,0,0.6267198549119849,0.8716522191137146
PITT_RNA_PFC_640,0.07260311744486854,0.8577330113339116,0.019042600834675114,0,0.05062127038654472,0,0,0.5928839797211806,0.8824122482877097
PITT_RNA_PFC_656,0.09083983603832145,0.839217155094429,0.027982148224823023,0,0.0419608606424266,0,0,0.6084190699369106,0.882073211631987
PITT_RNA_PFC_665,0.11066795789441602,0.7802172982060368,0.018269966155097617,0.008658152430318703,0.08218662531413083,0,0,0.4114629106465095,0.9262400691160204
PITT_RNA_PFC_681,0.07834702335253192,0.8358506722451602,0.025820011067265395,0,0.05998229333504254,0,0,0.6044541532763806,0.8770501657057234
PITT_RNA_PFC_685,0.08429723249268158,0.8371163977962573,0.013396091400894913,0.010139631372087154,0.05505064693807901,0,0,0.6006395321894977,0.8804450918246927
PITT_RNA_PFC_686,0.058262297255575184,0.8814532057298097,0.015199803371703789,0,0.045084693642911296,0,0,0.6375181400881196,0.8704066909084834
PITT_RNA_PFC_694,0.05394259585079744,0.8941731027294408,0.027058978634945163,0,0.02482532278481667,0,0,0.6976414506697739,0.8584392411597341
PITT_RNA_PFC_700,0.02721998034831954,0.859038651612326,0.04165357279840325,0.0021215948359545773,0.06996620040499668,0,0,0.6480197260201014,0.8576475579150972
PITT_RNA_PFC_722,0.08452642042101442,0.8338020748806361,0.020847593168665038,0.004814791709281761,0.056009119820402645,0,0,0.5966367527177326,0.8811322005940907
PITT_RNA_PFC_727,0.07274106370859965,0.8530707936693865,0.03241434946854191,0.007572423762273496,0.03420136939119842,0,0,0.6088659406113808,0.8832503453075774
PITT_RNA_PFC_739,0.0904460611341171,0.8033065050036019,0.04087953652549069,0,0.06536789733679033,0,0,0.6257481897456815,0.8704048080463626
PITT_RNA_PFC_787,0.05346083288629848,0.9022491578132361,0.02301374543952921,0,0.021276263860936166,0,0,0.6411244113554624,0.8737152833334894
PITT_RNA_PFC_802,0.08698725788897461,0.8275654448179468,0.026560169208690355,0.00629887962915427,0.05258824845523393,0,0,0.5385680408965969,0.8980830237003737
PITT_RNA_PFC_806,0.09015769636487324,0.8293502882371612,0.02423314988480232,0,0.056258865513163274,0,0,0.5867878964357599,0.8837651160456994
PITT_RNA_PFC_818,0.060780825912660374,0.8299862185761141,0.01540193948397539,0,0.09383101602725011,0,0,0.6325186632787829,0.8530184517663009
PITT_RNA_PFC_822,0.030694623475172045,0.9026023010836463,0.02098600295755607,0,0.045717072483625644,0,0,0.6675820846128917,0.8595721723135707
PITT_RNA_PFC_829,0.08525457519391214,0.845586586202937,0.03086411368755689,0,0.03829472491559396,0,0,0.5818139758024945,0.889532827228793
PITT_RNA_PFC_852,0.0628920538591737,0.861888965179961,0.017345541795935,0.0011014357062483105,0.05677200345868198,0,0,0.6195506087644594,0.8725612826899887
PITT_RNA_PFC_857,0.09762147845076449,0.795702156132516,0.049775615344257326,0.006969185516799743,0.04993156455566234,0,0,0.5514379086779109,0.8965869400028088
PITT_RNA_PFC_902,0.0896876305888215,0.801357221278445,0.02733107099751022,0,0.08162407713522339,0,0,0.6037908247754677,0.8696752468638841
PITT_RNA_PFC_904,0.05332543042279594,0.9061147929516965,0.0023686821814365585,0,0.03819109444407099,0,0,0.5673277404961441,0.8899900048617623
PITT_RNA_PFC_917,0.06433756224694977,0.8892974786936654,0.014016165471686248,0,0.03234879358769865,0,0,0.5980316392854613,0.8841670684181887
PITT_RNA_PFC_933,0.0600806959491892,0.8616390618009374,0.025863127901280727,0,0.05241711434859258,0,0,0.5781989605189611,0.885375517664369
PITT_RNA_PFC_970,0.07005390285941321,0.8594004099956358,0.025896275263034292,0.005473485332050904,0.039175926549865736,0,0,0.6320491663825256,0.8754579338032521
PITT_RNA_PFC_987,0.0732000383148583,0.8639412281693742,0.014059342887863265,0,0.048799390627904234,0,0,0.5384817672251468,0.897356177463749
PITT_RNA_PFC_988,0.06286899556802093,0.8662635138762715,0.022430618070211017,0,0.048436872485496524,0,0,0.592675294515977,0.8825148116140517
PITT_RNA_BP_PFC_10019,0.0753507568661972,0.8522226495461404,0.029314810975285675,0,0.043111782612376776,0,0,0.6060795066825937,0.8813916102312052
PITT_RNA_BP_PFC_1031,0.05558038260537707,0.8486594076219244,0.041417140695205926,0.0010282505401491295,0.05283638844904843,0.0005,0,0.6306059041487115,0.8711454429650203
PITT_RNA_BP_PFC_1081,0.0836433356806613,0.8291301535675155,0.028614764466188054,0,0.058611746285635195,0,0,0.6143813919000378,0.8751971762350618
PITT_RNA_BP_PFC_1153,0.06895790405431292,0.8481536144231387,0.04157647882759847,0,0.041312002694949904,0,0,0.6187776349222628,0.8784208343530456
PITT_RNA_BP_PFC_1196,0.05628397819810136,0.8845575092112362,0.025121302894784654,0,0.034037209695877764,0,0,0.6277793020956992,0.8758537745785601
PITT_RNA_BP_PFC_1293,0.08047408812440579,0.8462340162624941,0.028656669627405543,0,0.044635225985694575,0,0,0.5630610156185731,0.892712340668423
PITT_RNA_BP_PFC_1298,0.0673843332578362,0.869692111667693,0.025142085190738326,0,0.03778146988373245,0,0,0.6168469473905658,0.8789470755995208
PITT_RNA_BP_PFC_1394,0.0841717232013985,0.8070642337201025,0.03444763213362619,0.006406364571633217,0.06791004637323952,0,0,0.5919539020243682,0.8789985249122155
PITT_RNA_BP_PFC_1403,0.06812186872609483,0.8519418772726355,0.026898914168460058,0,0.053037339832809664,0,0,0.6403674599381866,0.8686479461415963
PITT_RNA_BP_PFC_1429,0.036804695309468664,0.8646178988912683,0.03291930157208225,0,0.06565810422718088,0,0,0.6311974176882705,0.8646359622261832
PITT_RNA_BP_PFC_1444,0.04951803480673231,0.8651999070798512,0.04315987902682911,0,0.042122179086587455,0,0,0.6259185989722338,0.8748018037573166
PITT_RNA_BP_PFC_1482,0.04426271205758881,0.8659123878997035,0.03780964809869695,0,0.05201525194401078,0,0,0.6075861486447603,0.8766445659855444
PITT_RNA_BP_PFC_1489,0.03305027379542117,0.860695657254999,0.0611589781445303,0.004339039361424149,0.04075605144362535,0,0,0.6179536021209109,0.8768468733586328
PITT_RNA_BP_PFC_1598,0.07840714944232183,0.8365078883713328,0.02550763388530901,0.002547922220665425,0.0570294060803709,0,0,0.6141845839787952,0.875569472639828
PITT_RNA_BP_PFC_1605,0.06468815952559352,0.8590347164304746,0.03489625493085865,0,0.041380869113073274,0,0,0.6294115819380431,0.874984236931364
PITT_RNA_BP_PFC_1637,0.056602103774020404,0.8400235416576743,0.04758388954511633,0.005711319630682899,0.0500791453925061,0,0,0.5763446592033179,0.8874241752742306
PITT_RNA_BP_PFC_1770,0.10139499817164406,0.7353968294864881,0.06434765298753257,0.009914408659293248,0.08894611069504198,0,0,0.4901082186236363,0.9023885082116505
PITT_RNA_BP_PFC_1783,0.05781952451876649,0.8620983585516797,0.04661846969379423,0.004507794548793938,0.02895585268696559,0,0,0.5993038876015632,0.8856153621617511
PITT_RNA_BP_PFC_1789,0.08719143161192658,0.8086342512565017,0.023052509757471445,0.013588343525793451,0.0675334638483068,0,0,0.5794887294576532,0.8829200402842338
PITT_RNA_BP_PFC_789,0.024623807455555723,0.9212898960669477,0.027175293660574144,0.0022926837406021766,0.024618319076320245,0,0,0.6857428405634924,0.8588047939675176
PITT_RNA_BP_PFC_795,0.05581234830098478,0.8911217813777043,0.02007551658280393,0,0.032990353738507026,0,0,0.5837403558723593,0.8874826395178537
PITT_RNA_BP_PFC_838,0.07671176800262507,0.8480651548714926,0.027172036642010605,0.003428202323351792,0.044622838160520005,0,0,0.5976046854954602,0.8836390521270191
PITT_RNA_BP_PFC_840,0.07414170483918123,0.807558241432767,0.03513987283675173,0.006496114057571847,0.07666406683372817,0,0,0.6492618801245548,0.858115345213807
PITT_RNA_BP_PFC_841,0.056384379692448916,0.8446076332544175,0.03465249822610438,0.0038378249911641994,0.060517663835865015,0,0,0.5937579532333577,0.8790848428810503
