gene_expression,n,DE_pattern,DE_pattern_index,replicate,method,method,sensitivity,fdr,number_of_true_discoveries_ct1,number_of_true_discoveries_ct2,number_of_true_discoveries_ct3,number_of_true_discoveries_ct4,number_of_true_discoveries_ct5,number_of_true_discoveries_ct6,number_of_discoveries_ct1,number_of_discoveries_ct2,number_of_discoveries_ct3,number_of_discoveries_ct4,number_of_discoveries_ct5,number_of_discoveries_ct6,power_ct1,power_ct2,power_ct3,power_ct4,power_ct5,power_ct6,type_I_error_ct1,type_I_error_ct2,type_I_error_ct3,type_I_error_ct4,type_I_error_ct5,type_I_error_ct6,Elapsed_Time_sec,Peak_RAM_Used_MiB
low,50,2_1_1,1,1,CARseq_ICeDT,1,0.00349040139616056,0.976190476190476,0,2,0,0,0,0,0,80,1,2,0,1,0.0191972076788831,0.0837696335078534,0.0261780104712042,0.0418848167539267,0.0226876090750436,0.0279232111692845,0.019501625135428,0.044781509570242,0.0332249909714698,0.0415312387143373,0.0299747201155652,0.0353918382087396,NA,NA
medium,50,2_1_1,1,1,CARseq_ICeDT,1,0.0144927536231884,0.880952380952381,0,10,0,0,0,0,0,80,1,2,0,1,0.0260869565217391,0.195652173913043,0.027536231884058,0.0347826086956522,0.0449275362318841,0.0347826086956522,0.0317340385341896,0.061579146203249,0.0366452587835285,0.0321118247072157,0.0343785417453721,0.0423120513789195,NA,NA
high,50,2_1_1,1,1,CARseq_ICeDT,1,0.0797297297297297,0.297619047619048,0,59,0,1,0,0,0,80,1,2,0,1,0.0324324324324324,0.340540540540541,0.0324324324324324,0.0256756756756757,0.0337837837837838,0.0459459459459459,0.0312259059367772,0.0585967617579029,0.0397070161912105,0.0416345412490362,0.0404780262143408,0.0443330763299923,NA,NA
low,50,2_1_1,1,2,CARseq_ICeDT,1,0.0335097001763668,0.930909090909091,0,19,0,0,0,0,0,275,0,0,0,0,0.0476190476190476,0.153439153439153,0.0282186948853616,0.0405643738977072,0.0282186948853616,0.0511463844797178,0.0498194945848375,0.059927797833935,0.0357400722021661,0.0339350180505415,0.040072202166065,0.0404332129963899,NA,NA
medium,50,2_1_1,1,2,CARseq_ICeDT,1,0.0840840840840841,0.796363636363636,0,56,0,0,0,0,0,275,0,0,0,0,0.0570570570570571,0.282282282282282,0.039039039039039,0.0375375375375375,0.036036036036036,0.036036036036036,0.0587794833395732,0.059153874953201,0.0423062523399476,0.0434294271808311,0.0370647697491576,0.0400599026581805,NA,NA
high,50,2_1_1,1,2,CARseq_ICeDT,1,0.209908735332464,0.414545454545455,0,161,0,0,0,0,0,275,0,0,0,0,0.0417209908735332,0.474576271186441,0.0352020860495437,0.045632333767927,0.0352020860495437,0.0352020860495437,0.058411214953271,0.0689252336448598,0.043613707165109,0.0401090342679128,0.0389408099688473,0.0373831775700935,NA,NA
low,50,2_1_1,1,3,CARseq_ICeDT,1,0.0136752136752137,0.945205479452055,0,8,0,0,0,0,0,146,0,0,0,0,0.0444444444444444,0.128205128205128,0.0358974358974359,0.0324786324786325,0.0307692307692308,0.0478632478632479,0.042483660130719,0.0493827160493827,0.032316630355846,0.037763253449528,0.0334059549745824,0.0334059549745824,NA,NA
medium,50,2_1_1,1,3,CARseq_ICeDT,1,0.0444104134762634,0.801369863013699,0,29,0,0,0,0,0,146,0,0,0,0,0.0459418070444104,0.240428790199081,0.0413476263399694,0.0459418070444104,0.0597243491577335,0.0382848392036753,0.051043219076006,0.0614754098360656,0.0428464977645306,0.0439642324888227,0.0469448584202683,0.0465722801788376,NA,NA
high,50,2_1_1,1,3,CARseq_ICeDT,1,0.124508519003932,0.349315068493151,0,95,0,0,0,0,0,146,0,0,0,0,0.053735255570118,0.424639580602883,0.0380078636959371,0.0340760157273919,0.036697247706422,0.0340760157273919,0.0598755832037325,0.072706065318818,0.0346034214618974,0.0353810264385692,0.0458786936236392,0.0412130637636081,NA,NA
low,50,2_1_1,1,4,CARseq_ICeDT,1,0.00168067226890756,0.96875,0,1,0,0,0,0,0,29,3,0,0,0,0.0352941176470588,0.0823529411764706,0.0504201680672269,0.0403361344537815,0.0319327731092437,0.0168067226890756,0.0335889010587806,0.0357794815626141,0.0394304490690033,0.0303030303030303,0.0416210295728368,0.0219058050383352,NA,NA
medium,50,2_1_1,1,4,CARseq_ICeDT,1,0.00489396411092985,0.90625,0,3,0,0,0,0,0,29,3,0,0,0,0.0277324632952692,0.164763458401305,0.0489396411092985,0.032626427406199,0.0440456769983687,0.0212071778140294,0.0392228739002933,0.0564516129032258,0.0509530791788856,0.0392228739002933,0.0447214076246334,0.0252932551319648,NA,NA
high,50,2_1_1,1,4,CARseq_ICeDT,1,0.0277777777777778,0.3125,0,22,0,0,0,0,0,29,3,0,0,0,0.0404040404040404,0.319444444444444,0.0580808080808081,0.0328282828282828,0.0252525252525253,0.0265151515151515,0.0472069236821401,0.0574350904799371,0.0558615263571991,0.035405192761605,0.040125885129819,0.027537372147915,NA,NA
low,50,2_1_1,1,5,CARseq_ICeDT,1,0.0121107266435986,0.965686274509804,0,7,0,0,0,0,1,203,0,0,0,0,0.0328719723183391,0.150519031141869,0.0173010380622837,0.0311418685121107,0.0346020761245675,0.0363321799307958,0.0272133526850508,0.0518867924528302,0.0261248185776488,0.0406386066763425,0.0359216255442671,0.0384615384615385,NA,NA
medium,50,2_1_1,1,5,CARseq_ICeDT,1,0.0552995391705069,0.823529411764706,0,36,0,0,0,0,1,203,0,0,0,0,0.0384024577572965,0.259600614439324,0.0261136712749616,0.0368663594470046,0.0307219662058372,0.0460829493087558,0.0446096654275093,0.0594795539033457,0.0263940520446097,0.0408921933085502,0.0446096654275093,0.041635687732342,NA,NA
high,50,2_1_1,1,5,CARseq_ICeDT,1,0.178756476683938,0.323529411764706,1,138,0,0,0,0,1,203,0,0,0,0,0.0259067357512953,0.458549222797927,0.0349740932642487,0.0362694300518135,0.0414507772020725,0.0323834196891192,0.046448087431694,0.06128024980484,0.0452771272443404,0.0444964871194379,0.0425448868071819,0.0378610460577674,NA,NA
low,50,2_1_1,1,6,CARseq_ICeDT,1,0.00170068027210884,0.986111111111111,0,1,0,0,0,0,0,72,0,0,0,0,0.0357142857142857,0.115646258503401,0.032312925170068,0.0391156462585034,0.0255102040816327,0.0357142857142857,0.0338058887677208,0.0436205016357688,0.0356234096692112,0.0283533260632497,0.0287168302435478,0.0385314431115958,NA,NA
medium,50,2_1_1,1,6,CARseq_ICeDT,1,0.0135135135135135,0.875,0,9,0,0,0,0,0,72,0,0,0,0,0.036036036036036,0.232732732732733,0.0375375375375375,0.0225225225225225,0.0285285285285285,0.042042042042042,0.0358878504672897,0.0538317757009346,0.045981308411215,0.0321495327102804,0.0328971962616822,0.0366355140186916,NA,NA
high,50,2_1_1,1,6,CARseq_ICeDT,1,0.0720961281708945,0.25,0,54,0,0,0,0,0,72,0,0,0,0,0.0427236315086782,0.355140186915888,0.0293724966622163,0.0240320427236315,0.0400534045393858,0.0333778371161549,0.0491105955143078,0.0626450116009281,0.0498839907192575,0.0359628770301624,0.0340293890177881,0.0417633410672854,NA,NA
low,50,2_1_1,1,7,CARseq_ICeDT,1,0.0163398692810458,0.914529914529915,0,10,0,0,0,0,1,116,0,0,0,0,0.0326797385620915,0.138888888888889,0.0375816993464052,0.0212418300653595,0.0441176470588235,0.0326797385620915,0.0355702236890356,0.0465713237990466,0.048038137147048,0.0293362669600293,0.0326365969930326,0.0374037403740374,NA,NA
medium,50,2_1_1,1,7,CARseq_ICeDT,1,0.0279503105590062,0.846153846153846,1,18,0,0,0,0,1,116,0,0,0,0,0.0419254658385093,0.236024844720497,0.062111801242236,0.0326086956521739,0.0279503105590062,0.0357142857142857,0.0426874536005939,0.0612472160356347,0.0664439495174462,0.0289532293986637,0.0341499628804751,0.0423162583518931,NA,NA
high,50,2_1_1,1,7,CARseq_ICeDT,1,0.101876675603217,0.35042735042735,0,76,0,0,0,0,1,116,0,0,0,0,0.0442359249329759,0.38739946380697,0.0616621983914209,0.0254691689008043,0.0308310991957105,0.0415549597855228,0.0459104938271605,0.0652006172839506,0.0513117283950617,0.0281635802469136,0.0482253086419753,0.0381944444444444,NA,NA
low,50,2_1_1,1,8,CARseq_ICeDT,1,0.00676818950930626,0.941176470588235,0,4,0,0,0,0,1,67,0,0,0,0,0.027072758037225,0.0676818950930626,0.0423011844331641,0.027072758037225,0.0372250423011844,0.0355329949238579,0.024745269286754,0.0298398835516739,0.039665211062591,0.024745269286754,0.0251091703056769,0.0360262008733624,NA,NA
medium,50,2_1_1,1,8,CARseq_ICeDT,1,0.0134328358208955,0.867647058823529,0,9,0,0,0,0,1,67,0,0,0,0,0.0313432835820895,0.158208955223881,0.0328358208955224,0.0238805970149254,0.0208955223880597,0.0343283582089552,0.0389805097451274,0.0434782608695652,0.0476011994002999,0.0262368815592204,0.0344827586206897,0.0401049475262369,NA,NA
high,50,2_1_1,1,8,CARseq_ICeDT,1,0.0673854447439353,0.264705882352941,0,50,0,0,0,0,1,67,0,0,0,0,0.0390835579514825,0.303234501347709,0.0566037735849057,0.0363881401617251,0.0377358490566038,0.0444743935309973,0.0404468412942989,0.0446841294298921,0.0439137134052388,0.0292758089368259,0.0365947611710324,0.0473805855161787,NA,NA
low,50,2_1_1,1,9,CARseq_ICeDT,1,0.0101010101010101,0.955555555555556,0,6,0,0,0,0,0,132,3,0,0,0,0.0404040404040404,0.141414141414141,0.0353535353535354,0.0286195286195286,0.0387205387205387,0.0454545454545455,0.037199124726477,0.0397520058351568,0.0328227571115974,0.0273522975929978,0.0426695842450766,0.0342815463165573,NA,NA
medium,50,2_1_1,1,9,CARseq_ICeDT,1,0.0279411764705882,0.859259259259259,0,19,0,0,0,0,0,132,3,0,0,0,0.0382352941176471,0.252941176470588,0.0308823529411765,0.0367647058823529,0.0235294117647059,0.0529411764705882,0.0568096313017306,0.0662151993980436,0.0470278404815651,0.0331075996990218,0.0477802859292701,0.0425131677953348,NA,NA
high,50,2_1_1,1,9,CARseq_ICeDT,1,0.118294360385144,0.362962962962963,0,86,0,0,0,0,0,132,3,0,0,0,0.0522696011004127,0.429160935350757,0.0440165061898212,0.0302613480055021,0.046767537826685,0.0385144429160935,0.0590717299578059,0.0675105485232067,0.046029919447641,0.0349060222477944,0.0540851553509781,0.0448791714614499,NA,NA
low,50,2_1_1,1,10,CARseq_ICeDT,1,0.00168350168350168,0.980392156862745,0,1,0,0,0,0,0,51,0,0,0,0,0.0303030303030303,0.0976430976430976,0.0404040404040404,0.0202020202020202,0.031986531986532,0.0471380471380471,0.0306345733041575,0.0423048869438366,0.0393873085339169,0.037563822027717,0.0342815463165573,0.0342815463165573,NA,NA
medium,50,2_1_1,1,10,CARseq_ICeDT,1,0.0111287758346582,0.862745098039216,0,7,0,0,0,0,0,51,0,0,0,0,0.0397456279809221,0.186009538950715,0.0635930047694754,0.041335453100159,0.0254372019077901,0.0429252782193959,0.0423260949576739,0.055207949944792,0.0449024659550975,0.034596981965403,0.0404858299595142,0.0404858299595142,NA,NA
high,50,2_1_1,1,10,CARseq_ICeDT,1,0.0524967989756722,0.196078431372549,0,41,0,0,0,0,0,51,0,0,0,0,0.0435339308578745,0.329065300896287,0.0409731113956466,0.0358514724711908,0.0396927016645326,0.0460947503201024,0.0524667188723571,0.0649960845732185,0.0438527799530149,0.0426781519185591,0.0352388410336727,0.0395458104933438,NA,NA
low,50,2_1_1,1,1,TOAST_TPM_ICeDT,1,0,1,0,0,0,0,0,0,0,13,0,1,0,0,0.0418848167539267,0.0401396160558464,0.0383944153577661,0.0418848167539267,0.0209424083769634,0.043630017452007,0.0310581437342001,0.0339472733838931,0.0390032502708559,0.0375586854460094,0.0263633080534489,0.0382809678584327,NA,NA
medium,50,2_1_1,1,1,TOAST_TPM_ICeDT,1,0,1,0,0,0,0,0,0,0,13,0,1,0,0,0.0507246376811594,0.0927536231884058,0.0608695652173913,0.0550724637681159,0.0536231884057971,0.0434782608695652,0.0494899886664148,0.0528900642236494,0.0476010578012845,0.0423120513789195,0.0483566301473366,0.0487344163203627,NA,NA
high,50,2_1_1,1,1,TOAST_TPM_ICeDT,1,0.0162162162162162,0.142857142857143,0,12,0,0,0,0,0,13,0,1,0,0,0.05,0.206756756756757,0.0608108108108108,0.0608108108108108,0.0445945945945946,0.0540540540540541,0.0470316114109483,0.0505011565150347,0.043562066306862,0.0470316114109483,0.0520431765612953,0.0531996915959908,NA,NA
low,50,2_1_1,1,2,TOAST_TPM_ICeDT,1,0,1,0,0,0,0,0,0,1,30,0,0,0,1,0.0405643738977072,0.0476190476190476,0.054673721340388,0.0582010582010582,0.0440917107583774,0.0423280423280423,0.0299638989169675,0.0249097472924188,0.0364620938628159,0.0451263537906137,0.0465703971119134,0.0407942238267148,NA,NA
medium,50,2_1_1,1,2,TOAST_TPM_ICeDT,1,0.0015015015015015,0.96875,0,1,0,0,0,0,1,30,0,0,0,1,0.0315315315315315,0.124624624624625,0.0405405405405405,0.0840840840840841,0.042042042042042,0.0465465465465465,0.0479221265443654,0.0363159865219019,0.0512916510670161,0.0539123923624111,0.0531636091351554,0.0527892175215275,NA,NA
high,50,2_1_1,1,2,TOAST_TPM_ICeDT,1,0.0352020860495437,0.15625,0,27,0,0,0,0,1,30,0,0,0,1,0.0378096479791395,0.267275097783572,0.0482398956975228,0.0860495436766623,0.0482398956975228,0.0404172099087353,0.0467289719626168,0.0420560747663551,0.0541277258566978,0.0463395638629283,0.0521806853582555,0.0599688473520249,NA,NA
low,50,2_1_1,1,3,TOAST_TPM_ICeDT,1,0,1,0,0,0,0,0,0,0,23,0,0,0,0,0.0256410256410256,0.0478632478632479,0.041025641025641,0.0752136752136752,0.041025641025641,0.0615384615384615,0.0250453720508167,0.0261343012704174,0.035934664246824,0.0573502722323049,0.0330308529945554,0.0464609800362976,NA,NA
medium,50,2_1_1,1,3,TOAST_TPM_ICeDT,1,0.00306278713629403,0.91304347826087,0,2,0,0,0,0,0,23,0,0,0,0,0.0336906584992343,0.113323124042879,0.0413476263399694,0.0689127105666156,0.0719754977029096,0.0566615620214395,0.0339046199701937,0.0439642324888227,0.0491803278688525,0.0618479880774963,0.0525335320417288,0.0570044709388972,NA,NA
high,50,2_1_1,1,3,TOAST_TPM_ICeDT,1,0.0275229357798165,0.0869565217391305,0,21,0,0,0,0,0,23,0,0,0,0,0.0576671035386632,0.260812581913499,0.0629095674967235,0.0524246395806029,0.0471821756225426,0.053735255570118,0.0536547433903577,0.0497667185069984,0.0594867807153966,0.0536547433903577,0.0493779160186625,0.0454898911353033,NA,NA
low,50,2_1_1,1,4,TOAST_TPM_ICeDT,1,0,1,0,0,0,0,0,0,0,17,0,0,0,0,0.0352941176470588,0.0504201680672269,0.0571428571428571,0.0823529411764706,0.038655462184874,0.0352941176470588,0.0332116788321168,0.0339416058394161,0.0386861313868613,0.0481751824817518,0.0405109489051095,0.0430656934306569,NA,NA
medium,50,2_1_1,1,4,TOAST_TPM_ICeDT,1,0,1,0,0,0,0,0,0,0,17,0,0,0,0,0.0424143556280587,0.0685154975530179,0.0570962479608483,0.0929853181076672,0.0407830342577488,0.0570962479608483,0.0538856304985337,0.0531524926686217,0.0531524926686217,0.0663489736070381,0.0439882697947214,0.0560850439882698,NA,NA
high,50,2_1_1,1,4,TOAST_TPM_ICeDT,1,0.0202020202020202,0.0588235294117647,0,16,0,0,0,0,0,17,0,0,0,0,0.053030303030303,0.227272727272727,0.0732323232323232,0.0808080808080808,0.0568181818181818,0.0542929292929293,0.0483870967741935,0.0531077891424076,0.0542879622344611,0.0452399685287175,0.0503540519276161,0.0605822187254131,NA,NA
low,50,2_1_1,1,5,TOAST_TPM_ICeDT,1,0,1,0,0,0,0,0,1,0,18,0,0,0,1,0.0570934256055363,0.0467128027681661,0.027681660899654,0.055363321799308,0.0380622837370242,0.0882352941176471,0.0395213923132705,0.0195794053662074,0.028281363306744,0.0413343002175489,0.0369833212472806,0.0645395213923133,NA,NA
medium,50,2_1_1,1,5,TOAST_TPM_ICeDT,1,0.00153609831029186,0.947368421052632,0,1,0,0,0,0,0,18,0,0,0,1,0.0568356374807988,0.0814132104454685,0.032258064516129,0.0752688172043011,0.0614439324116743,0.0890937019969278,0.0527881040892193,0.0319702602230483,0.0382899628252788,0.054275092936803,0.0509293680297398,0.0739776951672863,NA,NA
high,50,2_1_1,1,5,TOAST_TPM_ICeDT,1,0.022020725388601,0.105263157894737,0,17,0,0,0,0,0,18,0,0,0,1,0.0660621761658031,0.248704663212435,0.0595854922279793,0.0595854922279793,0.0673575129533679,0.0880829015544041,0.0476190476190476,0.0472287275565964,0.053864168618267,0.0515222482435597,0.0507416081186573,0.0554254488680718,NA,NA
low,50,2_1_1,1,6,TOAST_TPM_ICeDT,1,0,1,0,0,0,0,0,0,2,17,1,0,0,0,0.0578231292517007,0.0663265306122449,0.0612244897959184,0.0901360544217687,0.0629251700680272,0.0442176870748299,0.0563431479462014,0.0261723009814613,0.0501635768811341,0.0530716103235187,0.059614685568884,0.0348964013086151,NA,NA
medium,50,2_1_1,1,6,TOAST_TPM_ICeDT,1,0,1,0,0,0,0,0,0,2,17,1,0,0,0,0.0660660660660661,0.102102102102102,0.0615615615615616,0.0690690690690691,0.0690690690690691,0.0705705705705706,0.0564485981308411,0.0411214953271028,0.0545794392523365,0.0699065420560748,0.0736448598130841,0.0471028037383178,NA,NA
high,50,2_1_1,1,6,TOAST_TPM_ICeDT,1,0.0186915887850467,0.3,0,14,0,0,0,0,2,17,1,0,0,0,0.0560747663551402,0.2456608811749,0.0493991989319092,0.0801068090787717,0.061415220293725,0.0854472630173565,0.0444702242846094,0.0498839907192575,0.0525908739365816,0.0634184068058778,0.0402165506573859,0.0475638051044084,NA,NA
low,50,2_1_1,1,7,TOAST_TPM_ICeDT,1,0,1,0,0,0,0,0,0,0,8,0,0,0,0,0.0310457516339869,0.0620915032679739,0.0784313725490196,0.0522875816993464,0.0571895424836601,0.042483660130719,0.0329912023460411,0.0388563049853372,0.0535190615835777,0.0447214076246334,0.0377565982404692,0.0410557184750733,NA,NA
medium,50,2_1_1,1,7,TOAST_TPM_ICeDT,1,0,1,0,0,0,0,0,0,0,8,0,0,0,0,0.0605590062111801,0.131987577639752,0.107142857142857,0.0714285714285714,0.0527950310559006,0.0341614906832298,0.0400890868596882,0.0497401633259094,0.0697847067557535,0.0549368968077209,0.0519673348181143,0.0460282108389013,NA,NA
high,50,2_1_1,1,7,TOAST_TPM_ICeDT,1,0.0107238605898123,0,0,8,0,0,0,0,0,8,0,0,0,0,0.0630026809651475,0.280160857908847,0.0831099195710456,0.046916890080429,0.0375335120643432,0.046916890080429,0.0497685185185185,0.0543981481481481,0.0455246913580247,0.0505401234567901,0.0524691358024691,0.0428240740740741,NA,NA
low,50,2_1_1,1,8,TOAST_TPM_ICeDT,1,0.00169204737732657,0.8,0,1,0,0,0,0,0,5,0,0,0,0,0.0321489001692047,0.0795262267343486,0.0524534686971235,0.027072758037225,0.0355329949238579,0.050761421319797,0.0407569141193595,0.0483988355167394,0.0356622998544396,0.0334788937409025,0.0338427947598253,0.0429403202328967,NA,NA
medium,50,2_1_1,1,8,TOAST_TPM_ICeDT,1,0.00149253731343284,0.8,0,1,0,0,0,0,0,5,0,0,0,0,0.0358208955223881,0.104477611940299,0.0582089552238806,0.0462686567164179,0.0313432835820895,0.0447761194029851,0.0584707646176912,0.0588455772113943,0.0535982008995502,0.0382308845577211,0.047976011994003,0.0457271364317841,NA,NA
high,50,2_1_1,1,8,TOAST_TPM_ICeDT,1,0.00269541778975741,0.6,0,2,0,0,0,0,0,5,0,0,0,0,0.0660377358490566,0.211590296495957,0.0741239892183288,0.0673854447439353,0.0525606469002695,0.0377358490566038,0.0481510015408321,0.051617873651772,0.0489214175654854,0.0543143297380586,0.039291217257319,0.0535439137134052,NA,NA
low,50,2_1_1,1,9,TOAST_TPM_ICeDT,1,0,1,0,0,0,0,0,0,0,7,0,0,0,1,0.0505050505050505,0.0808080808080808,0.0269360269360269,0.0521885521885522,0.0521885521885522,0.0740740740740741,0.0401167031363968,0.0441283734500365,0.0408460977388767,0.0423048869438366,0.0350109409190372,0.0649161196207148,NA,NA
medium,50,2_1_1,1,9,TOAST_TPM_ICeDT,1,0,1,0,0,0,0,0,0,0,7,0,0,0,1,0.0455882352941176,0.158823529411765,0.0529411764705882,0.05,0.0397058823529412,0.0588235294117647,0.0545522949586155,0.0601956358164033,0.0432656132430399,0.0590669676448458,0.0526711813393529,0.0624529721595184,NA,NA
high,50,2_1_1,1,9,TOAST_TPM_ICeDT,1,0.00825309491059147,0.25,0,6,0,0,0,0,0,7,0,0,0,1,0.063273727647868,0.266850068775791,0.0385144429160935,0.0646492434662999,0.0605226960110041,0.0605226960110041,0.0598388952819333,0.0583045646336786,0.0490985807441504,0.049482163406214,0.0575373993095512,0.0533179900268508,NA,NA
low,50,2_1_1,1,10,TOAST_TPM_ICeDT,1,0,1,0,0,0,0,0,0,0,0,1,1,0,0,0.0286195286195286,0.063973063973064,0.0454545454545455,0.0858585858585859,0.0521885521885522,0.0521885521885522,0.028436018957346,0.044841414509661,0.044112285818447,0.0568720379146919,0.041560335399198,0.039008384979949,NA,NA
medium,50,2_1_1,1,10,TOAST_TPM_ICeDT,1,0,1,0,0,0,0,0,0,0,0,1,1,0,0,0.0333863275039746,0.100158982511924,0.068362480127186,0.106518282988871,0.0492845786963434,0.0461049284578696,0.0401177769598822,0.0526315789473684,0.0537357379462643,0.0633051159366949,0.055576002944424,0.0390136179609864,NA,NA
high,50,2_1_1,1,10,TOAST_TPM_ICeDT,1,0,1,0,0,0,0,0,0,0,0,1,1,0,0,0.0460947503201024,0.163892445582586,0.058898847631242,0.102432778489117,0.0653008962868118,0.0563380281690141,0.0532498042286609,0.0563821456538763,0.0454189506656225,0.0548159749412686,0.0501174628034456,0.0450274079874706,NA,NA
low,100,2_1_1,1,1,CARseq_ICeDT,1,0.0481727574750831,0.92713567839196,0,29,0,0,0,0,0,398,0,0,0,0,0.0415282392026578,0.204318936877076,0.0348837209302326,0.0249169435215947,0.0315614617940199,0.0282392026578073,0.0420783022319795,0.0435418953530918,0.0336626417855836,0.0241492864983535,0.0347603366264179,0.0332967435053055,NA,NA
medium,100,2_1_1,1,1,CARseq_ICeDT,1,0.1350531107739,0.776381909547739,0,89,0,0,0,0,0,398,0,0,0,0,0.0257966616084977,0.368740515933232,0.0455235204855842,0.0288315629742033,0.0257966616084977,0.0364188163884674,0.0399104811637449,0.0522193211488251,0.0343155538977993,0.030585602387169,0.0358075345020515,0.0402834763148079,NA,NA
high,100,2_1_1,1,1,CARseq_ICeDT,1,0.347767253044655,0.35427135678392,0,257,0,0,0,0,0,398,0,0,0,0,0.0419485791610284,0.589986468200271,0.0324763193504736,0.0230040595399188,0.0500676589986468,0.0392422192151556,0.0481695568400771,0.0558766859344894,0.0396917148362235,0.0269749518304432,0.0296724470134875,0.0389210019267823,NA,NA
low,100,2_1_1,1,2,CARseq_ICeDT,1,0.0491525423728814,0.932714617169374,0,29,0,0,0,0,0,431,0,0,0,0,0.0322033898305085,0.198305084745763,0.0338983050847458,0.0220338983050847,0.0271186440677966,0.0322033898305085,0.0483812295380138,0.0509276100400146,0.0425609312477264,0.0243724990905784,0.0407420880320116,0.0356493270280102,NA,NA
medium,100,2_1_1,1,2,CARseq_ICeDT,1,0.139221556886228,0.784222737819026,0,93,0,0,0,0,0,431,0,0,0,0,0.0389221556886228,0.37125748502994,0.0494011976047904,0.0284431137724551,0.0329341317365269,0.031437125748503,0.0415886099662795,0.0498313975271637,0.0464593480704384,0.0314724615961034,0.040089921318846,0.0258523791682278,NA,NA
high,100,2_1_1,1,2,CARseq_ICeDT,1,0.353494623655914,0.389791183294664,0,263,0,0,0,0,0,431,0,0,0,0,0.0524193548387097,0.604838709677419,0.043010752688172,0.0376344086021505,0.0524193548387097,0.0295698924731183,0.0482439212659205,0.0571208027788499,0.0428406020841374,0.0285604013894249,0.038209185642609,0.0316480123504438,NA,NA
low,100,2_1_1,1,3,CARseq_ICeDT,1,0.0670103092783505,0.908235294117647,0,39,0,0,0,0,0,424,0,0,1,0,0.0567010309278351,0.218213058419244,0.0360824742268041,0.0274914089347079,0.0292096219931271,0.0343642611683849,0.0470332850940666,0.0502894356005789,0.0336468885672938,0.0329232995658466,0.0256874095513748,0.0336468885672938,NA,NA
medium,100,2_1_1,1,3,CARseq_ICeDT,1,0.138629283489097,0.790588235294118,0,89,0,0,0,0,0,424,0,0,1,0,0.0389408099688473,0.375389408099688,0.0451713395638629,0.0451713395638629,0.0264797507788162,0.0358255451713396,0.0397473997028232,0.0482912332838039,0.0360326894502229,0.0349182763744428,0.0323179791976226,0.0412332838038633,NA,NA
high,100,2_1_1,1,3,CARseq_ICeDT,1,0.328626444159178,0.397647058823529,0,256,0,0,0,0,0,424,0,0,1,0,0.0436456996148909,0.55584082156611,0.0397946084724005,0.0410783055198973,0.0436456996148909,0.0487804878048781,0.0508607198748044,0.054773082942097,0.0453834115805947,0.0344287949921753,0.0320813771517997,0.0391236306729265,NA,NA
low,100,2_1_1,1,4,CARseq_ICeDT,1,0.0674342105263158,0.917505030181087,0,41,1,0,0,0,0,496,1,0,0,0,0.0394736842105263,0.222039473684211,0.0263157894736842,0.0378289473684211,0.03125,0.0378289473684211,0.0296812019054599,0.0487358006595823,0.0326126786368633,0.0300476364968853,0.0333455478197142,0.0333455478197142,NA,NA
medium,100,2_1_1,1,4,CARseq_ICeDT,1,0.189969604863222,0.748490945674044,0,125,0,0,0,0,0,496,1,0,0,0,0.0364741641337386,0.401215805471125,0.0395136778115502,0.0379939209726444,0.0425531914893617,0.0364741641337386,0.0361400894187779,0.043591654247392,0.0365126676602086,0.026080476900149,0.0361400894187779,0.0312965722801788,NA,NA
high,100,2_1_1,1,4,CARseq_ICeDT,1,0.395918367346939,0.414486921529175,0,291,0,0,0,0,0,496,1,0,0,0,0.0340136054421769,0.606802721088435,0.036734693877551,0.0326530612244898,0.0394557823129252,0.0353741496598639,0.0357829934590227,0.0504040015390535,0.0461716044632551,0.0373220469411312,0.0400153905348211,0.0342439399769142,NA,NA
low,100,2_1_1,1,5,CARseq_ICeDT,1,0.0878734622144113,0.908256880733945,0,50,0,0,0,0,0,545,0,0,0,0,0.0228471001757469,0.249560632688928,0.0333919156414763,0.0298769771528998,0.0281195079086116,0.0263620386643234,0.0396825396825397,0.0505050505050505,0.0393217893217893,0.0335497835497836,0.0404040404040404,0.0353535353535354,NA,NA
medium,100,2_1_1,1,5,CARseq_ICeDT,1,0.198757763975155,0.765137614678899,0,128,0,0,0,0,0,545,0,0,0,0,0.0403726708074534,0.403726708074534,0.0341614906832298,0.0263975155279503,0.0450310559006211,0.0263975155279503,0.0382757339279078,0.0527684875510962,0.0349312523225567,0.0330732069862505,0.0379041248606466,0.0367892976588629,NA,NA
high,100,2_1_1,1,5,CARseq_ICeDT,1,0.407079646017699,0.409174311926605,0,322,0,0,0,0,0,545,0,0,0,0,0.0328697850821745,0.630847029077118,0.0366624525916561,0.0303413400758533,0.0493046776232617,0.0353982300884956,0.0479559748427673,0.0526729559748428,0.0381289308176101,0.0341981132075472,0.0436320754716981,0.0385220125786164,NA,NA
low,100,2_1_1,1,6,CARseq_ICeDT,1,0.0512820512820513,0.917808219178082,0,30,0,0,0,0,0,365,0,0,0,0,0.0307692307692308,0.177777777777778,0.0444444444444444,0.0324786324786325,0.0444444444444444,0.0376068376068376,0.038768115942029,0.0434782608695652,0.033695652173913,0.0340579710144928,0.0333333333333333,0.0380434782608696,NA,NA
medium,100,2_1_1,1,6,CARseq_ICeDT,1,0.107250755287009,0.805479452054795,0,71,0,0,0,0,0,365,0,0,0,0,0.0392749244712991,0.333836858006042,0.0256797583081571,0.0226586102719033,0.0377643504531722,0.0498489425981873,0.0422745978301534,0.0501309390198279,0.0415263748597082,0.0239431350542462,0.0366629255518144,0.0415263748597082,NA,NA
high,100,2_1_1,1,6,CARseq_ICeDT,1,0.310846560846561,0.356164383561644,0,235,0,0,0,0,0,365,0,0,0,0,0.0330687830687831,0.578042328042328,0.0304232804232804,0.041005291005291,0.0383597883597884,0.0357142857142857,0.0515703761147732,0.0593253198914308,0.0426521907716169,0.0255913144629701,0.0407134548274525,0.0383869716944552,NA,NA
low,100,2_1_1,1,7,CARseq_ICeDT,1,0.0493421052631579,0.923076923076923,0,30,0,0,1,0,0,389,0,0,1,0,0.0378289473684211,0.184210526315789,0.0493421052631579,0.0345394736842105,0.0180921052631579,0.0328947368421053,0.0387568555758684,0.0522851919561243,0.0303473491773309,0.0329067641681901,0.0281535648994516,0.0237659963436929,NA,NA
medium,100,2_1_1,1,7,CARseq_ICeDT,1,0.128637059724349,0.784615384615385,0,84,0,0,0,0,0,389,0,0,1,0,0.0367534456355283,0.352220520673813,0.0336906584992343,0.0229709035222052,0.0352220520673813,0.0199081163859112,0.0450819672131148,0.0555141579731744,0.0394932935916542,0.0368852459016393,0.0327868852459016,0.0320417287630402,NA,NA
high,100,2_1_1,1,7,CARseq_ICeDT,1,0.334231805929919,0.364102564102564,0,248,0,0,0,0,0,389,0,0,1,0,0.0525606469002695,0.563342318059299,0.0350404312668464,0.0350404312668464,0.0283018867924528,0.0377358490566038,0.0435452793834297,0.05626204238921,0.033140655105973,0.0385356454720617,0.0335260115606936,0.0366088631984586,NA,NA
low,100,2_1_1,1,8,CARseq_ICeDT,1,0.0499168053244592,0.907692307692308,0,30,0,0,0,0,1,324,0,0,0,0,0.0349417637271215,0.217970049916805,0.0399334442595674,0.0415973377703827,0.0366056572379368,0.0349417637271215,0.0449725776965265,0.0486288848263254,0.0347349177330896,0.0340036563071298,0.0281535648994516,0.029981718464351,NA,NA
medium,100,2_1_1,1,8,CARseq_ICeDT,1,0.108504398826979,0.772307692307692,0,74,0,0,0,0,1,324,0,0,0,0,0.0469208211143695,0.302052785923754,0.032258064516129,0.0293255131964809,0.0337243401759531,0.0366568914956012,0.0454716272078166,0.0571213829387448,0.0447200300638858,0.0300638857572341,0.0368282600526118,0.0402104472003006,NA,NA
high,100,2_1_1,1,8,CARseq_ICeDT,1,0.279554937413074,0.381538461538461,0,201,0,0,0,0,1,324,0,0,0,0,0.0528511821974965,0.543810848400556,0.0292072322670376,0.0222531293463143,0.0278164116828929,0.0319888734353268,0.0382409177820268,0.0531548757170172,0.0443594646271511,0.032887189292543,0.0355640535372849,0.0378585086042065,NA,NA
low,100,2_1_1,1,9,CARseq_ICeDT,1,0.0854700854700855,0.902152641878669,0,50,0,0,0,0,0,511,0,0,0,0,0.0393162393162393,0.206837606837607,0.0307692307692308,0.0376068376068376,0.0273504273504274,0.0256410256410256,0.0348710497638939,0.0410461314929168,0.0330548492553578,0.0305121685434072,0.0305121685434072,0.0297856883399927,NA,NA
medium,100,2_1_1,1,9,CARseq_ICeDT,1,0.209748892171344,0.722113502935421,0,142,0,0,0,0,0,511,0,0,0,0,0.0472673559822747,0.443131462333826,0.0384047267355982,0.0354505169867061,0.0354505169867061,0.0295420974889217,0.0487256371814093,0.0562218890554723,0.0476011994002999,0.0389805097451274,0.0341079460269865,0.0393553223388306,NA,NA
high,100,2_1_1,1,9,CARseq_ICeDT,1,0.379032258064516,0.448140900195695,0,282,0,0,0,0,0,511,0,0,0,0,0.043010752688172,0.625,0.0443548387096774,0.0336021505376344,0.032258064516129,0.0228494623655914,0.0432432432432432,0.0525096525096525,0.038996138996139,0.0347490347490347,0.0254826254826255,0.0343629343629344,NA,NA
low,100,2_1_1,1,10,CARseq_ICeDT,1,0.0695364238410596,0.91063829787234,0,42,0,0,0,0,0,470,0,0,0,0,0.0463576158940397,0.205298013245033,0.043046357615894,0.0264900662251656,0.0447019867549669,0.0248344370860927,0.0413767850604174,0.0538264372024899,0.0373489564262175,0.0289271329183449,0.0311241303551813,0.0263639692420359,NA,NA
medium,100,2_1_1,1,10,CARseq_ICeDT,1,0.165912518853695,0.765957446808511,0,110,0,0,0,0,0,470,0,0,0,0,0.0467571644042232,0.384615384615385,0.0497737556561086,0.024132730015083,0.0346907993966818,0.0331825037707391,0.0377006345651362,0.0507652108995894,0.0429264650989175,0.0313549832026876,0.036207540126913,0.0287420679357969,NA,NA
high,100,2_1_1,1,10,CARseq_ICeDT,1,0.378231292517007,0.408510638297872,0,278,0,0,0,0,0,470,0,0,0,0,0.0340136054421769,0.616326530612245,0.0408163265306122,0.0258503401360544,0.0326530612244898,0.0312925170068027,0.048864948056945,0.0650250096190843,0.0446325509811466,0.0350134667179684,0.0377068103116583,0.0280877260484802,NA,NA
low,100,2_1_1,1,1,TOAST_TPM_ICeDT,1,0.00332225913621262,0.988304093567251,0,2,0,1,0,0,0,170,0,1,0,0,0.0348837209302326,0.0913621262458472,0.0498338870431894,0.0514950166112957,0.0548172757475083,0.0913621262458472,0.0387852177094768,0.0428100987925357,0.0391511159897548,0.0402488108305891,0.0464690815953165,0.0526893523600439,NA,NA
medium,100,2_1_1,1,1,TOAST_TPM_ICeDT,1,0.0349013657056146,0.865497076023392,0,23,0,0,0,0,0,170,0,1,0,0,0.0531107738998483,0.189681335356601,0.0561456752655539,0.078907435508346,0.0622154779969651,0.0880121396054628,0.0466243938828795,0.0451324132786274,0.0484893696381947,0.0559492726594554,0.0522193211488251,0.0712420738530399,NA,NA
high,100,2_1_1,1,1,TOAST_TPM_ICeDT,1,0.192151556156969,0.169590643274854,0,142,0,0,0,0,0,170,0,1,0,0,0.0581867388362652,0.433017591339648,0.0460081190798376,0.0460081190798376,0.0933694181326116,0.0784844384303112,0.0508670520231214,0.0470134874759152,0.0466281310211946,0.0554913294797688,0.0454720616570328,0.0508670520231214,NA,NA
low,100,2_1_1,1,2,TOAST_TPM_ICeDT,1,0.0101694915254237,0.962962962962963,0,6,0,0,0,0,0,162,0,0,0,0,0.0440677966101695,0.0949152542372881,0.0423728813559322,0.0627118644067797,0.0305084745762712,0.0627118644067797,0.0454710803928701,0.0381957075300109,0.0403783193888687,0.0498363041105857,0.0385594761731539,0.0407420880320116,NA,NA
medium,100,2_1_1,1,2,TOAST_TPM_ICeDT,1,0.0359281437125748,0.851851851851852,0,24,0,0,0,0,0,162,0,0,0,0,0.0389221556886228,0.209580838323353,0.0673652694610778,0.0838323353293413,0.0643712574850299,0.0658682634730539,0.0528287748220307,0.0472086923941551,0.055076807793181,0.0565754964406145,0.0513300861745972,0.0453353315848632,NA,NA
high,100,2_1_1,1,2,TOAST_TPM_ICeDT,1,0.165322580645161,0.240740740740741,0,123,0,0,0,0,0,162,0,0,0,0,0.0537634408602151,0.440860215053763,0.0658602150537634,0.0685483870967742,0.0577956989247312,0.0685483870967742,0.0513315322269394,0.0571208027788499,0.0494017753763026,0.0490158240061752,0.0463141644152837,0.0463141644152837,NA,NA
low,100,2_1_1,1,3,TOAST_TPM_ICeDT,1,0.0103092783505155,0.964912280701754,0,6,0,1,0,1,0,168,0,2,0,1,0.0360824742268041,0.104810996563574,0.0463917525773196,0.0807560137457045,0.0446735395189003,0.0721649484536082,0.0433996383363472,0.0433996383363472,0.0401446654611212,0.0582278481012658,0.0365280289330922,0.050994575045208,NA,NA
medium,100,2_1_1,1,3,TOAST_TPM_ICeDT,1,0.0342679127725857,0.871345029239766,0,22,0,0,0,0,0,168,0,2,0,1,0.0560747663551402,0.20404984423676,0.0404984423676012,0.0950155763239875,0.0482866043613707,0.088785046728972,0.050148588410104,0.0442050520059435,0.0445765230312036,0.0657503714710253,0.0542347696879643,0.0583209509658247,NA,NA
high,100,2_1_1,1,3,TOAST_TPM_ICeDT,1,0.166880616174583,0.239766081871345,0,130,0,0,0,0,0,168,0,2,0,1,0.0513478818998716,0.404364569961489,0.0539152759948652,0.0975609756097561,0.0744544287548139,0.0834403080872914,0.0528169014084507,0.05320813771518,0.0539906103286385,0.0575117370892019,0.0504694835680751,0.0539906103286385,NA,NA
low,100,2_1_1,1,4,TOAST_TPM_ICeDT,1,0.0164473684210526,0.957446808510638,0,10,0,2,0,0,0,228,0,7,0,0,0.0608552631578947,0.101973684210526,0.0296052631578947,0.103618421052632,0.0690789473684211,0.0575657894736842,0.0417735434224991,0.0388420666910956,0.0362770245511176,0.0721876145108098,0.0425064126053499,0.0344448515939905,NA,NA
medium,100,2_1_1,1,4,TOAST_TPM_ICeDT,1,0.0714285714285714,0.8,0,47,0,1,0,0,0,228,0,7,0,0,0.060790273556231,0.238601823708207,0.0501519756838906,0.103343465045593,0.0668693009118541,0.0379939209726444,0.0529061102831595,0.0461997019374069,0.0499254843517139,0.0719076005961252,0.0495529061102832,0.0458271236959762,NA,NA
high,100,2_1_1,1,4,TOAST_TPM_ICeDT,1,0.214965986394558,0.327659574468085,0,158,0,2,0,0,0,228,0,7,0,0,0.0421768707482993,0.457142857142857,0.0462585034013605,0.115646258503401,0.0557823129251701,0.0517006802721088,0.0507887649095806,0.055021161985379,0.0530973451327434,0.0638707195075029,0.0530973451327434,0.0527125817622162,NA,NA
low,100,2_1_1,1,5,TOAST_TPM_ICeDT,1,0.00527240773286467,0.98695652173913,0,3,0,0,0,0,0,226,0,0,4,0,0.0298769771528998,0.0896309314586995,0.0509666080843585,0.0369068541300527,0.0790861159929701,0.0439367311072056,0.0346320346320346,0.0382395382395382,0.0468975468975469,0.0386002886002886,0.051948051948052,0.0396825396825397,NA,NA
medium,100,2_1_1,1,5,TOAST_TPM_ICeDT,1,0.0574534161490683,0.839130434782609,0,37,0,0,1,0,0,226,0,0,4,0,0.0605590062111801,0.225155279503106,0.0590062111801242,0.0372670807453416,0.104037267080745,0.046583850931677,0.0497956150130063,0.043106651802304,0.0490523968784838,0.0546265328874025,0.0587142326272761,0.0535117056856187,NA,NA
high,100,2_1_1,1,5,TOAST_TPM_ICeDT,1,0.217446270543616,0.252173913043478,0,172,0,0,3,0,0,226,0,0,4,0,0.0493046776232617,0.457648546144121,0.0594184576485461,0.0404551201011378,0.109987357774968,0.0429835651074589,0.0530660377358491,0.0550314465408805,0.0455974842767296,0.0479559748427673,0.0530660377358491,0.0467767295597484,NA,NA
low,100,2_1_1,1,6,TOAST_TPM_ICeDT,1,0.0170940170940171,0.942857142857143,0,10,0,0,0,0,0,175,0,0,0,0,0.0427350427350427,0.104273504273504,0.0512820512820513,0.0444444444444444,0.0393162393162393,0.0632478632478632,0.0333212604128939,0.0340456356392611,0.0445490764215864,0.0402028250633828,0.0333212604128939,0.032234697573343,NA,NA
medium,100,2_1_1,1,6,TOAST_TPM_ICeDT,1,0.0332326283987915,0.874285714285714,0,22,0,0,0,0,0,175,0,0,0,0,0.0604229607250755,0.188821752265861,0.0453172205438066,0.0604229607250755,0.0725075528700906,0.0921450151057402,0.0471380471380471,0.0448933782267116,0.0572390572390572,0.0441451552562664,0.03890759446315,0.0467639356528245,NA,NA
high,100,2_1_1,1,6,TOAST_TPM_ICeDT,1,0.173280423280423,0.251428571428571,0,131,0,0,0,0,0,175,0,0,0,0,0.044973544973545,0.421957671957672,0.0476190476190476,0.0701058201058201,0.0701058201058201,0.105820105820106,0.0507948817371074,0.0535091120589376,0.0523458704924389,0.0523458704924389,0.0612640558355952,0.0492438929817759,NA,NA
low,100,2_1_1,1,7,TOAST_TPM_ICeDT,1,0.00986842105263158,0.968421052631579,0,6,0,0,0,0,0,190,0,0,0,0,0.0575657894736842,0.0690789473684211,0.0641447368421053,0.0493421052631579,0.0246710526315789,0.0427631578947368,0.0541133455210238,0.0457038391224863,0.0347349177330896,0.0351005484460695,0.0274223034734918,0.0347349177330896,NA,NA
medium,100,2_1_1,1,7,TOAST_TPM_ICeDT,1,0.0306278713629403,0.894736842105263,0,20,0,0,0,0,0,190,0,0,0,0,0.0627871362940276,0.197549770290965,0.0581929555895865,0.0535987748851455,0.0673813169984686,0.0321592649310873,0.0543964232488823,0.0424739195230999,0.0443368107302534,0.0495529061102832,0.0394932935916542,0.0450819672131148,NA,NA
high,100,2_1_1,1,7,TOAST_TPM_ICeDT,1,0.206199460916442,0.194736842105263,0,153,0,0,0,0,0,190,0,0,0,0,0.0592991913746631,0.42722371967655,0.0822102425876011,0.0700808625336927,0.0741239892183288,0.0525606469002695,0.0531791907514451,0.0504816955684008,0.0539499036608863,0.0497109826589595,0.0489402697495183,0.0527938342967245,NA,NA
low,100,2_1_1,1,8,TOAST_TPM_ICeDT,1,0.00166389351081531,0.985714285714286,0,1,0,0,0,0,0,70,0,0,0,0,0.0582362728785358,0.0831946755407654,0.0549084858569052,0.0715474209650582,0.0316139767054908,0.0415973377703827,0.0508226691042047,0.0438756855575868,0.0303473491773309,0.0475319926873857,0.0394881170018282,0.0391224862888483,NA,NA
medium,100,2_1_1,1,8,TOAST_TPM_ICeDT,1,0.00733137829912024,0.928571428571429,0,5,0,0,0,0,0,70,0,0,0,0,0.0659824046920821,0.171554252199413,0.06158357771261,0.0469208211143695,0.030791788856305,0.063049853372434,0.0567455843667794,0.0578729800826757,0.0477264186396092,0.0462232243517475,0.0481022172115746,0.04847801578354,NA,NA
high,100,2_1_1,1,8,TOAST_TPM_ICeDT,1,0.0820584144645341,0.157142857142857,0,59,0,0,0,0,0,70,0,0,0,0,0.0542420027816412,0.351877607788595,0.0695410292072323,0.0639777468706537,0.0361613351877608,0.0570236439499305,0.0458891013384321,0.0497131931166348,0.048565965583174,0.0504780114722753,0.0462715105162524,0.0451242829827916,NA,NA
low,100,2_1_1,1,9,TOAST_TPM_ICeDT,1,0.00854700854700855,0.97716894977169,0,5,0,0,0,0,0,219,0,0,0,0,0.0222222222222222,0.0888888888888889,0.0376068376068376,0.0615384615384615,0.0547008547008547,0.0598290598290598,0.0312386487468217,0.0290592081365783,0.0399564111877951,0.0457682528151108,0.0537595350526698,0.0345078096621867,NA,NA
medium,100,2_1_1,1,9,TOAST_TPM_ICeDT,1,0.0664697193500739,0.794520547945206,0,45,0,0,0,0,0,219,0,0,0,0,0.051698670605613,0.224519940915805,0.0502215657311669,0.0561299852289513,0.0974889217134417,0.0664697193500739,0.0520989505247376,0.0434782608695652,0.0498500749625187,0.0685907046476762,0.058095952023988,0.0483508245877061,NA,NA
high,100,2_1_1,1,9,TOAST_TPM_ICeDT,1,0.212365591397849,0.278538812785388,0,158,0,0,0,0,0,219,0,0,0,0,0.043010752688172,0.454301075268817,0.0483870967741935,0.0497311827956989,0.0752688172043011,0.0631720430107527,0.0521235521235521,0.0498069498069498,0.0505791505791506,0.0536679536679537,0.0401544401544402,0.0478764478764479,NA,NA
low,100,2_1_1,1,10,TOAST_TPM_ICeDT,1,0.00827814569536424,0.966666666666667,0,5,0,0,0,0,0,150,0,0,0,0,0.0413907284768212,0.0645695364238411,0.0281456953642384,0.0397350993377483,0.0596026490066225,0.0629139072847682,0.0366166239472721,0.0362504577077993,0.0307579641157085,0.0413767850604174,0.047235444891981,0.0483339436103991,NA,NA
medium,100,2_1_1,1,10,TOAST_TPM_ICeDT,1,0.0377073906485671,0.833333333333333,0,25,0,0,0,0,0,150,0,0,0,0,0.0588235294117647,0.177978883861237,0.0588235294117647,0.0422322775263952,0.0603318250377074,0.0874811463046757,0.0384471817842479,0.0406868234415827,0.0354609929078014,0.0511384845091452,0.0619634191862635,0.0604703247480403,NA,NA
high,100,2_1_1,1,10,TOAST_TPM_ICeDT,1,0.151020408163265,0.26,0,111,0,0,0,0,0,150,0,0,0,0,0.0680272108843537,0.410884353741497,0.0530612244897959,0.0503401360544218,0.0489795918367347,0.0653061224489796,0.048864948056945,0.0492497114274721,0.0450173143516737,0.0507887649095806,0.051943055021162,0.0484801846864179,NA,NA
low,200,2_1_1,1,1,CARseq_ICeDT,1,0.272870662460568,0.832201745877789,0,173,0,0,0,0,0,1031,0,0,0,0,0.0441640378548896,0.416403785488959,0.0425867507886435,0.0205047318611987,0.055205047318612,0.026813880126183,0.0425138632162662,0.0513863216266174,0.0391866913123845,0.0277264325323475,0.0414048059149723,0.0273567467652495,NA,NA
medium,200,2_1_1,1,1,CARseq_ICeDT,1,0.477726574500768,0.69835111542192,0,311,0,0,0,0,0,1031,0,0,0,0,0.0491551459293395,0.623655913978495,0.0245775729646697,0.0368663594470046,0.043010752688172,0.0307219662058372,0.0391061452513966,0.0432029795158287,0.0335195530726257,0.0346368715083799,0.0402234636871508,0.0379888268156425,NA,NA
high,200,2_1_1,1,1,CARseq_ICeDT,1,0.658774373259053,0.541222114451988,0,473,0,0,0,0,0,1031,0,0,0,0,0.0543175487465181,0.795264623955432,0.0389972144846797,0.0236768802228412,0.0459610027855153,0.0389972144846797,0.0409021406727829,0.0512232415902141,0.0378440366972477,0.0286697247706422,0.0389908256880734,0.0363149847094801,NA,NA
low,200,2_1_1,1,2,CARseq_ICeDT,1,0.173174872665535,0.880841121495327,0,102,0,0,0,0,0,855,0,0,1,0,0.0373514431239389,0.33446519524618,0.0356536502546689,0.0254668930390492,0.0560271646859083,0.0441426146010187,0.0393013100436681,0.0509461426491994,0.0367540029112082,0.0287481804949054,0.0320232896652111,0.0323871906841339,NA,NA
medium,200,2_1_1,1,2,CARseq_ICeDT,1,0.37219730941704,0.70911214953271,0,249,0,0,0,0,0,855,0,0,1,0,0.0478325859491779,0.542600896860987,0.0448430493273543,0.0298953662182362,0.0358744394618834,0.0358744394618834,0.0463898241676019,0.0493827160493827,0.037037037037037,0.0336700336700337,0.0366629255518144,0.0381593714927048,NA,NA
high,200,2_1_1,1,2,CARseq_ICeDT,1,0.592741935483871,0.48481308411215,0,441,0,0,0,0,0,855,0,0,1,0,0.0403225806451613,0.739247311827957,0.0389784946236559,0.0456989247311828,0.032258064516129,0.0510752688172043,0.0474903474903475,0.0455598455598456,0.0397683397683398,0.0250965250965251,0.0401544401544402,0.0386100386100386,NA,NA
low,200,2_1_1,1,3,CARseq_ICeDT,1,0.295652173913043,0.862124898621249,0,170,0,0,0,0,0,1232,0,0,0,1,0.0347826086956522,0.445217391304348,0.0452173913043478,0.0260869565217391,0.0365217391304348,0.0295652173913043,0.038712011577424,0.0531837916063676,0.0437771345875543,0.0296671490593343,0.0332850940665702,0.0314761215629522,NA,NA
medium,200,2_1_1,1,3,CARseq_ICeDT,1,0.552995391705069,0.708029197080292,0,360,0,0,0,0,0,1232,0,0,0,1,0.0460829493087558,0.683563748079877,0.0414746543778802,0.032258064516129,0.0353302611367127,0.032258064516129,0.0411721068249258,0.0626854599406528,0.0474777448071217,0.0293026706231454,0.0374629080118694,0.0341246290801187,NA,NA
high,200,2_1_1,1,3,CARseq_ICeDT,1,0.767741935483871,0.517437145174371,0,595,0,0,0,0,0,1232,0,0,0,1,0.047741935483871,0.83741935483871,0.0619354838709677,0.0245161290322581,0.0451612903225806,0.0309677419354839,0.0433763188745604,0.05705353653771,0.0414224306369676,0.0332161000390778,0.0422039859320047,0.0359515435717077,NA,NA
low,200,2_1_1,1,4,CARseq_ICeDT,1,0.200339558573854,0.870614035087719,0,118,0,0,0,0,0,912,0,0,0,0,0.0509337860780985,0.363327674023769,0.0288624787775891,0.033955857385399,0.0407470288624788,0.0356536502546689,0.0440640932265113,0.0528040786598689,0.0400582665695557,0.0291332847778587,0.0305899490167516,0.0433357611070648,NA,NA
medium,200,2_1_1,1,4,CARseq_ICeDT,1,0.36875,0.741228070175439,0,236,0,0,0,0,0,912,0,0,0,0,0.0453125,0.55,0.0375,0.040625,0.028125,0.0390625,0.0436713545521836,0.0455218356772761,0.0377498149518875,0.0347890451517395,0.0355292376017765,0.0407105847520355,NA,NA
high,200,2_1_1,1,4,CARseq_ICeDT,1,0.636010362694301,0.461622807017544,0,491,0,0,0,0,0,912,0,0,0,0,0.0272020725388601,0.759067357512953,0.055699481865285,0.0310880829015544,0.0427461139896373,0.0310880829015544,0.0441061670569867,0.0523028883684621,0.0402029664324746,0.0308352849336456,0.0351288056206089,0.0323965651834504,NA,NA
low,200,2_1_1,1,5,CARseq_ICeDT,1,0.215686274509804,0.847398843930636,0,132,0,0,0,0,0,865,0,0,0,0,0.0522875816993464,0.375816993464052,0.0326797385620915,0.0375816993464052,0.0392156862745098,0.0294117647058824,0.0322344322344322,0.0446886446886447,0.0402930402930403,0.0296703296703297,0.043956043956044,0.0366300366300366,NA,NA
medium,200,2_1_1,1,5,CARseq_ICeDT,1,0.363636363636364,0.717919075144509,0,244,0,0,0,0,0,865,0,0,0,0,0.0447093889716841,0.549925484351714,0.0417287630402385,0.0402384500745156,0.0461997019374069,0.0476900149031297,0.0424333458505445,0.0552009012392039,0.0431843785204656,0.028914757791964,0.0469395418700713,0.0401802478407811,NA,NA
high,200,2_1_1,1,5,CARseq_ICeDT,1,0.585535465924896,0.513294797687861,0,421,0,0,0,0,0,865,0,0,0,0,0.0445062586926286,0.742698191933241,0.0556328233657858,0.0375521557719054,0.0570236439499305,0.0417246175243394,0.0424474187380497,0.0447418738049713,0.0359464627151052,0.0340344168260038,0.0451242829827916,0.0413001912045889,NA,NA
low,200,2_1_1,1,6,CARseq_ICeDT,1,0.236065573770492,0.855566700100301,0,144,0,0,0,0,0,997,0,0,0,0,0.0344262295081967,0.391803278688525,0.0262295081967213,0.0229508196721311,0.0524590163934426,0.0327868852459016,0.0392228739002933,0.0476539589442815,0.0355571847507331,0.030791788856305,0.0410557184750733,0.030791788856305,NA,NA
medium,200,2_1_1,1,6,CARseq_ICeDT,1,0.426605504587156,0.720160481444333,0,279,0,0,0,0,0,997,0,0,0,0,0.0428134556574924,0.607033639143731,0.0519877675840979,0.0305810397553517,0.0428134556574924,0.0504587155963303,0.0387770320656227,0.0484712900820283,0.0372856077554064,0.0324384787472036,0.0417598806860552,0.0413870246085011,NA,NA
high,200,2_1_1,1,6,CARseq_ICeDT,1,0.675271739130435,0.501504513540622,0,497,0,0,0,0,0,997,0,0,0,0,0.0407608695652174,0.78804347826087,0.0489130434782609,0.0230978260869565,0.0434782608695652,0.0326086956521739,0.0384911470361817,0.054657428791378,0.0408006158583526,0.0338722093918399,0.0408006158583526,0.0396458814472671,NA,NA
low,200,2_1_1,1,7,CARseq_ICeDT,1,0.27287853577371,0.854351687388988,0,164,0,0,0,0,2,1123,0,1,0,0,0.0249584026622296,0.415973377703827,0.0332778702163062,0.0299500831946755,0.0249584026622296,0.043261231281198,0.0409806073911453,0.0457372850347603,0.0380534211489206,0.0292718624222466,0.0296377607025247,0.0343944383461398,NA,NA
medium,200,2_1_1,1,7,CARseq_ICeDT,1,0.4546875,0.741563055062167,0,291,0,0,0,0,2,1123,0,1,0,0,0.0421875,0.6,0.0328125,0.0265625,0.0453125,0.04375,0.0422065901517956,0.0473898556090337,0.0359126249537208,0.0355423917067753,0.0359126249537208,0.0370233246945576,NA,NA
high,200,2_1_1,1,7,CARseq_ICeDT,1,0.733245729303548,0.504440497335702,1,558,0,0,0,0,2,1123,0,1,0,0,0.0394218134034166,0.825229960578187,0.049934296977661,0.0302233902759527,0.0315374507227332,0.0473061760840999,0.0396116504854369,0.0555339805825243,0.0380582524271845,0.0345631067961165,0.0357281553398058,0.0446601941747573,NA,NA
low,200,2_1_1,1,8,CARseq_ICeDT,1,0.228279386712095,0.876269621421976,0,134,0,0,0,0,0,1083,0,0,0,0,0.0323679727427598,0.373083475298126,0.0221465076660988,0.0374787052810903,0.0408858603066439,0.0272572402044293,0.0374273255813953,0.0479651162790698,0.0425145348837209,0.0290697674418605,0.0392441860465116,0.0410610465116279,NA,NA
medium,200,2_1_1,1,8,CARseq_ICeDT,1,0.460388639760837,0.715604801477378,0,308,0,0,0,0,0,1083,0,0,0,0,0.0418535127055306,0.608370702541106,0.0254110612855007,0.0328849028400598,0.0403587443946188,0.0284005979073244,0.0378702662167229,0.0543682039745032,0.0423697037870266,0.0311211098612673,0.0389951256092988,0.0299962504686914,NA,NA
high,200,2_1_1,1,8,CARseq_ICeDT,1,0.726174496644295,0.500461680517082,0,541,0,0,0,0,0,1083,0,0,0,0,0.0402684563758389,0.818791946308725,0.0201342281879195,0.036241610738255,0.036241610738255,0.0335570469798658,0.0397837002703747,0.052143684820394,0.033603707995365,0.0308999613750483,0.0386249517188103,0.0390112012359985,NA,NA
low,200,2_1_1,1,9,CARseq_ICeDT,1,0.195364238410596,0.865603644646925,0,118,0,0,0,0,0,878,0,0,0,0,0.0314569536423841,0.362582781456954,0.021523178807947,0.0182119205298013,0.021523178807947,0.0264900662251656,0.0394592619656558,0.0460358056265985,0.0336134453781513,0.0328827183047132,0.0347095359883084,0.0350748995250274,NA,NA
medium,200,2_1_1,1,9,CARseq_ICeDT,1,0.366071428571429,0.719817767653758,0,246,0,0,0,0,0,878,0,0,0,0,0.0416666666666667,0.574404761904762,0.037202380952381,0.037202380952381,0.0297619047619048,0.0416666666666667,0.0454204204204204,0.0472972972972973,0.033033033033033,0.0349099099099099,0.0394144144144144,0.0322822822822823,NA,NA
high,200,2_1_1,1,9,CARseq_ICeDT,1,0.615912208504801,0.488610478359909,0,449,0,0,0,0,0,878,0,0,0,0,0.0480109739368999,0.747599451303155,0.0315500685871056,0.037037037037037,0.0397805212620027,0.0274348422496571,0.0502686108979279,0.0502686108979279,0.0337682271680737,0.0330007674597084,0.045663852647736,0.0349194167306216,NA,NA
low,200,2_1_1,1,10,CARseq_ICeDT,1,0.216949152542373,0.857302118171683,0,128,0,0,0,0,0,897,0,0,0,0,0.0440677966101695,0.393220338983051,0.0288135593220339,0.0288135593220339,0.0508474576271186,0.0457627118644068,0.0367941712204007,0.0469945355191257,0.0342440801457195,0.0269581056466302,0.0378870673952641,0.0313296903460838,NA,NA
medium,200,2_1_1,1,10,CARseq_ICeDT,1,0.380530973451327,0.712374581939799,0,258,0,0,0,0,0,897,0,0,0,0,0.0339233038348083,0.58259587020649,0.0412979351032448,0.0339233038348083,0.0368731563421829,0.023598820058997,0.0440346255175009,0.0500564546480994,0.0346255175009409,0.0327436958976289,0.0376364320662401,0.0293564170116673,NA,NA
high,200,2_1_1,1,10,CARseq_ICeDT,1,0.610884353741497,0.499442586399108,0,449,0,0,0,0,0,897,0,0,0,0,0.0353741496598639,0.763265306122449,0.0312925170068027,0.0272108843537415,0.0421768707482993,0.0312925170068027,0.0403846153846154,0.0488461538461538,0.0326923076923077,0.0326923076923077,0.0442307692307692,0.0380769230769231,NA,NA
low,200,2_1_1,1,1,TOAST_TPM_ICeDT,1,0.0520504731861199,0.932098765432099,0,33,0,0,1,0,0,484,0,0,2,0,0.0772870662460568,0.182965299684543,0.0425867507886435,0.0473186119873817,0.118296529968454,0.0488958990536278,0.0402957486136784,0.033641404805915,0.0354898336414048,0.0528650646950092,0.0499075785582255,0.0425138632162662,NA,NA
medium,200,2_1_1,1,1,TOAST_TPM_ICeDT,1,0.192012288786482,0.742798353909465,0,125,0,0,0,0,0,484,0,0,2,0,0.0967741935483871,0.359447004608295,0.032258064516129,0.0691244239631336,0.112135176651306,0.0491551459293395,0.0450651769087523,0.0391061452513966,0.0432029795158287,0.05512104283054,0.0540037243947858,0.0506517690875233,NA,NA
high,200,2_1_1,1,1,TOAST_TPM_ICeDT,1,0.409470752089136,0.395061728395062,0,294,0,0,1,0,0,484,0,0,2,0,0.107242339832869,0.580779944289694,0.0598885793871866,0.0598885793871866,0.128133704735376,0.0584958217270195,0.0481651376146789,0.0504587155963303,0.0435779816513761,0.0535168195718654,0.0535168195718654,0.0500764525993884,NA,NA
low,200,2_1_1,1,2,TOAST_TPM_ICeDT,1,0.0441426146010187,0.943844492440605,0,26,0,0,1,0,0,454,0,0,6,3,0.0560271646859083,0.144312393887946,0.0526315789473684,0.0492359932088285,0.0848896434634974,0.0950764006791171,0.0360262008733624,0.0385735080058224,0.0458515283842795,0.0527656477438137,0.0483988355167394,0.0509461426491994,NA,NA
medium,200,2_1_1,1,2,TOAST_TPM_ICeDT,1,0.143497757847534,0.792656587473002,0,96,0,0,1,0,0,454,0,0,6,3,0.0642750373692078,0.327354260089686,0.0568011958146487,0.0612855007473842,0.100149476831091,0.113602391629297,0.0475121586232697,0.0471380471380471,0.0527497194163861,0.0534979423868313,0.0576131687242798,0.058361391694725,NA,NA
high,200,2_1_1,1,2,TOAST_TPM_ICeDT,1,0.397849462365591,0.360691144708423,0,296,0,0,1,1,0,454,0,0,6,3,0.0685483870967742,0.586021505376344,0.0537634408602151,0.081989247311828,0.108870967741935,0.112903225806452,0.0474903474903475,0.0459459459459459,0.0467181467181467,0.0413127413127413,0.0579150579150579,0.0517374517374517,NA,NA
low,200,2_1_1,1,3,TOAST_TPM_ICeDT,1,0.0504347826086957,0.955384615384615,0,29,0,0,0,0,0,641,7,1,0,1,0.0539130434782609,0.177391304347826,0.109565217391304,0.0747826086956522,0.0695652173913043,0.0504347826086957,0.0416063675832127,0.0390738060781476,0.038712011577424,0.0517366136034732,0.0484804630969609,0.0434153400868307,NA,NA
medium,200,2_1_1,1,3,TOAST_TPM_ICeDT,1,0.251920122887865,0.747692307692308,0,164,2,1,0,0,0,641,7,1,0,1,0.0752688172043011,0.408602150537634,0.138248847926267,0.0906298003072197,0.0752688172043011,0.0783410138248848,0.0519287833827893,0.0589762611275964,0.051186943620178,0.0630563798219585,0.0597181008902077,0.0545252225519288,NA,NA
high,200,2_1_1,1,3,TOAST_TPM_ICeDT,1,0.510967741935484,0.390769230769231,0,396,4,0,0,0,0,641,7,1,0,1,0.0825806451612903,0.674838709677419,0.167741935483871,0.0838709677419355,0.100645161290323,0.0567741935483871,0.0492379835873388,0.0562719812426729,0.0433763188745604,0.0582258694802657,0.0586166471277843,0.0476748729972646,NA,NA
low,200,2_1_1,1,4,TOAST_TPM_ICeDT,1,0.0594227504244482,0.930830039525692,0,35,2,0,0,1,0,489,14,0,0,3,0.0492359932088285,0.152801358234295,0.120543293718166,0.066213921901528,0.066213921901528,0.0848896434634974,0.0480699198834669,0.0444282592862345,0.0600873998543336,0.0469774217042972,0.0375091041514931,0.0597232337946103,NA,NA
medium,200,2_1_1,1,4,TOAST_TPM_ICeDT,1,0.14375,0.818181818181818,0,92,0,0,0,0,0,489,14,0,0,3,0.0671875,0.30625,0.153125,0.078125,0.0671875,0.1109375,0.0532938564026647,0.0455218356772761,0.0658771280532939,0.0566247224278312,0.0551443375277572,0.0717986676535899,NA,NA
high,200,2_1_1,1,4,TOAST_TPM_ICeDT,1,0.431347150259067,0.341897233201581,0,333,11,0,0,1,0,489,14,0,0,3,0.0414507772020725,0.601036269430052,0.145077720207254,0.0582901554404145,0.0738341968911917,0.0919689119170984,0.0499609679937549,0.0523028883684621,0.0562060889929742,0.0480093676814988,0.0550351288056206,0.0511319281811085,NA,NA
low,200,2_1_1,1,5,TOAST_TPM_ICeDT,1,0.0245098039215686,0.956395348837209,0,15,0,0,1,0,0,337,0,2,4,1,0.0669934640522876,0.107843137254902,0.0735294117647059,0.0849673202614379,0.0996732026143791,0.0441176470588235,0.0380952380952381,0.032967032967033,0.0494505494505494,0.0542124542124542,0.0472527472527473,0.0413919413919414,NA,NA
medium,200,2_1_1,1,5,TOAST_TPM_ICeDT,1,0.101341281669151,0.802325581395349,0,68,0,0,0,0,0,337,0,2,4,1,0.105812220566319,0.277198211624441,0.0894187779433681,0.0983606557377049,0.117734724292101,0.0596125186289121,0.0480660908749531,0.0450619601952685,0.0499436725497559,0.0589560645888096,0.0597070972587308,0.055951933909125,NA,NA
high,200,2_1_1,1,5,TOAST_TPM_ICeDT,1,0.329624478442281,0.311046511627907,0,237,0,1,1,0,0,337,0,2,4,1,0.0834492350486787,0.538247566063978,0.0917941585535466,0.0778859527121001,0.129346314325452,0.0556328233657858,0.0497131931166348,0.0458891013384321,0.0458891013384321,0.058508604206501,0.0489483747609943,0.0554493307839388,NA,NA
low,200,2_1_1,1,6,TOAST_TPM_ICeDT,1,0.0491803278688525,0.938271604938272,0,30,0,0,0,0,2,483,0,0,1,0,0.0737704918032787,0.154098360655738,0.0459016393442623,0.0557377049180328,0.129508196721311,0.0655737704918033,0.0417888563049853,0.0333577712609971,0.0362903225806452,0.0439882697947214,0.0527859237536657,0.0450879765395894,NA,NA
medium,200,2_1_1,1,6,TOAST_TPM_ICeDT,1,0.152905198776758,0.794238683127572,1,100,0,0,0,0,2,483,0,0,1,0,0.108562691131498,0.301223241590214,0.0779816513761468,0.0749235474006116,0.131498470948012,0.0779816513761468,0.0484712900820283,0.0495898583146905,0.0443698732289336,0.0574198359433259,0.0592841163310962,0.0615212527964206,NA,NA
high,200,2_1_1,1,6,TOAST_TPM_ICeDT,1,0.434782608695652,0.34156378600823,0,320,0,0,1,0,2,483,0,0,1,0,0.125,0.578804347826087,0.0815217391304348,0.0625,0.122282608695652,0.0665760869565217,0.0438799076212471,0.0469591993841416,0.041955350269438,0.0473441108545035,0.0581216320246343,0.0523479599692071,NA,NA
low,200,2_1_1,1,7,TOAST_TPM_ICeDT,1,0.0532445923460899,0.946488294314381,0,32,0,0,0,1,4,589,0,1,1,3,0.0349417637271215,0.161397670549085,0.0782029950083195,0.064891846921797,0.0632279534109817,0.126455906821963,0.0365898280278083,0.0278082693011343,0.0424442005122576,0.0347603366264179,0.0450054884742042,0.048664471276985,NA,NA
medium,200,2_1_1,1,7,TOAST_TPM_ICeDT,1,0.1984375,0.787625418060201,0,127,0,0,1,0,4,589,0,1,1,3,0.053125,0.3484375,0.0796875,0.065625,0.0625,0.159375,0.0429470566456868,0.0385042576823399,0.0440577563865235,0.0477600888559793,0.0540540540540541,0.0577563865235098,NA,NA
high,200,2_1_1,1,7,TOAST_TPM_ICeDT,1,0.521681997371879,0.336120401337793,1,397,0,0,0,2,4,589,0,1,1,3,0.049934296977661,0.701708278580815,0.088042049934297,0.0657030223390276,0.0459921156373193,0.156373193166886,0.0462135922330097,0.0493203883495146,0.0469902912621359,0.0493203883495146,0.0500970873786408,0.0586407766990291,NA,NA
low,200,2_1_1,1,8,TOAST_TPM_ICeDT,1,0.0494037478705281,0.944444444444444,0,29,0,0,0,0,0,521,0,1,0,0,0.0971039182282794,0.141396933560477,0.0562180579216354,0.0715502555366269,0.0442930153321976,0.0528109028960818,0.049781976744186,0.0392441860465116,0.0505087209302326,0.0436046511627907,0.0396075581395349,0.0410610465116279,NA,NA
medium,200,2_1_1,1,8,TOAST_TPM_ICeDT,1,0.168908819133034,0.783524904214559,0,113,0,1,0,0,0,521,0,1,0,0,0.130044843049327,0.285500747384155,0.0672645739910314,0.077727952167414,0.0597907324364723,0.0747384155455904,0.0569928758905137,0.046119235095613,0.0659917510311211,0.0573678290213723,0.0498687664041995,0.0487439070116235,NA,NA
high,200,2_1_1,1,8,TOAST_TPM_ICeDT,1,0.456375838926175,0.348659003831418,0,340,0,0,0,0,0,521,0,1,0,0,0.14496644295302,0.587919463087248,0.0671140939597315,0.0885906040268456,0.0711409395973154,0.0832214765100671,0.056006179992275,0.0436461954422557,0.0494399382000772,0.0502124372344535,0.048667439165701,0.0556199304750869,NA,NA
low,200,2_1_1,1,9,TOAST_TPM_ICeDT,1,0.043046357615894,0.945945945945946,0,26,0,0,0,0,0,480,0,0,1,0,0.0480132450331126,0.127483443708609,0.0447019867549669,0.054635761589404,0.0529801324503311,0.0413907284768212,0.0350748995250274,0.040920716112532,0.0401899890390939,0.0507855316039459,0.0365363536719035,0.0332480818414322,NA,NA
medium,200,2_1_1,1,9,TOAST_TPM_ICeDT,1,0.15922619047619,0.777546777546777,0,107,0,0,1,0,0,480,0,0,1,0,0.0699404761904762,0.349702380952381,0.0639880952380952,0.0863095238095238,0.0863095238095238,0.0580357142857143,0.0514264264264264,0.048048048048048,0.0514264264264264,0.0536786786786787,0.048048048048048,0.0487987987987988,NA,NA
high,200,2_1_1,1,9,TOAST_TPM_ICeDT,1,0.422496570644719,0.35966735966736,0,308,0,0,0,0,0,480,0,0,1,0,0.0727023319615912,0.613168724279835,0.0603566529492455,0.100137174211248,0.0809327846364883,0.046639231824417,0.0552570990023024,0.0529547198772064,0.0464313123561013,0.0552570990023024,0.0514198004604758,0.0506523407521105,NA,NA
low,200,2_1_1,1,10,TOAST_TPM_ICeDT,1,0.0542372881355932,0.937864077669903,0,32,0,0,0,0,0,515,0,0,0,0,0.0406779661016949,0.177966101694915,0.0322033898305085,0.0949152542372881,0.0813559322033898,0.0694915254237288,0.0364298724954463,0.0316939890710383,0.0411657559198543,0.0502732240437158,0.0466302367941712,0.0469945355191257,NA,NA
medium,200,2_1_1,1,10,TOAST_TPM_ICeDT,1,0.179941002949853,0.763106796116505,0,122,0,0,0,0,0,515,0,0,0,0,0.0648967551622419,0.367256637168142,0.0604719764011799,0.128318584070796,0.106194690265487,0.0501474926253687,0.0530673692133986,0.0429055325555137,0.0459164471208129,0.0632292058712834,0.0598419269853218,0.0432818968761761,NA,NA
high,200,2_1_1,1,10,TOAST_TPM_ICeDT,1,0.440816326530612,0.370873786407767,0,324,0,0,0,0,0,515,0,0,0,0,0.0448979591836735,0.617687074829932,0.0435374149659864,0.119727891156463,0.103401360544218,0.0571428571428571,0.0473076923076923,0.0542307692307692,0.0561538461538462,0.0446153846153846,0.0546153846153846,0.0519230769230769,NA,NA
