n,DE_pattern,DE_pattern_index,replicate,method,sensitivity,fdr,number_of_true_discoveries_ct1,number_of_true_discoveries_ct2,number_of_true_discoveries_ct3,number_of_discoveries_ct1,number_of_discoveries_ct2,number_of_discoveries_ct3,power_ct1,power_ct2,power_ct3,type_I_error_ct1,type_I_error_ct2,type_I_error_ct3
50,2_1_1,1,1,CARseq_with_RIN,0.0185,0.0512820512820513,37,0,0,38,1,0,0.216,0.0325,0.035,0.038125,0.037875,0.038875
50,2_1_1,1,1,CARseq_without_RIN,0.001,0.333333333333333,2,0,0,2,1,0,0.127,0.0485,0.0285,0.0171657687006641,0.0657812304222529,0.0248089211878211
50,2_1_1,1,1,CIBERSORTx_with_B_mode,0.3265,0.581141757536883,653,178,555,696,189,674,0.3435,0.1185,0.3045,0.0339960238568588,0.0298559887600983,0.0805751492132393
50,2_1_1,1,1,CIBERSORTx_with_B_mode_without_RIN,0.318,0.523595505617978,636,150,468,664,156,515,0.335,0.1105,0.2835,0.0274353876739563,0.0249385317878469,0.0436787845903418
50,2_1_1,1,1,CIBERSORTx_without_B_mode,0.478,0.512244897959184,956,211,590,1033,219,708,0.505,0.147,0.337,0.0393713545042126,0.0278727320536419,0.0784402629789163
50,2_1_1,1,1,CIBERSORTx_without_B_mode_without_RIN,0.458,0.457988165680473,916,186,496,955,193,542,0.4925,0.1395,0.313,0.0293259883344135,0.0249802787273205,0.0467014282475629
50,2_1_1,1,1,TOAST_with_RIN,0,NA,0,0,0,0,0,0,0.102,0.0355,0.037,0.04325,0.0405,0.037875
50,2_1_1,1,1,TOAST_without_RIN,0,NA,0,0,0,0,0,0,0.0765,0.0625,0.026,0.041625,0.07625,0.0315
50,2_1_1,1,1,TOAST_TPM_with_RIN,0.0025,0.375,5,0,0,7,0,1,0.1405,0.0365,0.066,0.0555,0.04625,0.05575
50,2_1_1,1,1,TOAST_TPM_without_RIN,0,1,0,0,0,0,1,0,0.097,0.0835,0.0345,0.033375,0.097125,0.031875
50,2_1_1,1,1,csSAM,0,NA,0,0,0,0,0,0,NA,NA,NA,NA,NA,NA
50,2_2_1,2,1,CARseq_with_RIN,0.07275,0.12874251497006,284,7,0,325,7,2,0.376,0.0895,0.049,0.0573893473368342,0.0432608152038009,0.0510127531882971
50,2_2_1,2,1,CARseq_without_RIN,0.0195,0.0487804878048781,78,0,0,82,0,0,0.2735,0.05,0.0265,0.0378161783120461,0.0245429501627849,0.0288004007012271
50,2_2_1,2,1,CIBERSORTx_with_B_mode,0.2415,0.315864022662889,779,187,354,846,194,372,0.4005,0.108,0.2155,0.0362703467799009,0.0117011701170117,0.0380362671384343
50,2_2_1,2,1,CIBERSORTx_with_B_mode_without_RIN,0.23125,0.332129963898917,768,157,287,913,161,311,0.394,0.105,0.193,0.0741330502476999,0.0204020402040204,0.0559486952675807
50,2_2_1,2,1,CIBERSORTx_without_B_mode,0.312,0.336170212765957,1045,203,486,1135,214,531,0.5475,0.123,0.2965,0.0375861036238395,0.0126234906695939,0.0415197806502154
50,2_2_1,2,1,CIBERSORTx_without_B_mode_without_RIN,0.3005,0.374609781477627,1023,179,442,1239,187,496,0.5325,0.116,0.2765,0.0832584606169512,0.0216794731064764,0.054445750097924
50,2_2_1,2,1,TOAST_with_RIN,0.007,0.0967741935483871,28,0,0,31,0,0,0.2295,0.1305,0.031,0.03925,0.049875,0.02825
50,2_2_1,2,1,TOAST_without_RIN,0.002,0.111111111111111,8,0,0,9,0,0,0.202,0.099,0.0215,0.044375,0.038375,0.02125
50,2_2_1,2,1,TOAST_TPM_with_RIN,0.03375,0.105960264900662,135,0,0,151,0,0,0.2935,0.0895,0.0475,0.0475,0.050625,0.044875
50,2_2_1,2,1,TOAST_TPM_without_RIN,0.01175,0.0600000000000001,47,0,0,50,0,0,0.224,0.0545,0.034,0.032875,0.02975,0.02625
50,2_2_1,2,1,csSAM,0.01275,0.0727272727272728,51,0,0,55,0,0,NA,NA,NA,NA,NA,NA
50,2_0.5_1,3,1,CARseq_with_RIN,0.12,0.111111111111111,480,0,0,540,0,0,0.4365,0.0505,0.044,0.0515064383047881,0.0407550943867983,0.0470058757344668
50,2_0.5_1,3,1,CARseq_without_RIN,0.075,0.115044247787611,300,0,0,339,0,0,0.3855,0.0355,0.027,0.0819219671308493,0.0341236984067244,0.0348764270480492
50,2_0.5_1,3,1,CIBERSORTx_with_B_mode,0.2565,0.25164113785558,971,55,271,1034,55,282,0.5095,0.053,0.216,0.0372862859221535,0.0106126386878919,0.0345898922949461
50,2_0.5_1,3,1,CIBERSORTx_with_B_mode_without_RIN,0.2415,0.189597315436242,926,40,192,957,40,195,0.493,0.048,0.189,0.0269188795925791,0.00940665701881331,0.022162386081193
50,2_0.5_1,3,1,CIBERSORTx_without_B_mode,0.3205,0.259387637203928,1190,92,341,1272,95,364,0.632,0.0705,0.2585,0.042041127189642,0.00793111262179923,0.0354323480815128
50,2_0.5_1,3,1,CIBERSORTx_without_B_mode_without_RIN,0.296,0.202693602693603,1109,75,248,1153,78,254,0.6035,0.066,0.2305,0.0268088347296268,0.00634489009743938,0.0218468881953369
50,2_0.5_1,3,1,TOAST_with_RIN,0.036,0.213114754098361,144,0,0,183,0,0,0.3065,0.0495,0.0705,0.067875,0.044125,0.085
50,2_0.5_1,3,1,TOAST_without_RIN,0.02125,0.19047619047619,85,0,0,105,0,0,0.2565,0.038,0.056,0.081125,0.034125,0.06225
50,2_0.5_1,3,1,TOAST_TPM_with_RIN,0.0345,0.121019108280255,138,0,0,157,0,0,0.3105,0.0525,0.043,0.05575,0.046625,0.054625
50,2_0.5_1,3,1,TOAST_TPM_without_RIN,0.06825,0.348448687350835,273,0,0,419,0,0,0.3255,0.0325,0.079,0.1475,0.029125,0.079875
50,2_0.5_1,3,1,csSAM,0.01925,0.0941176470588235,77,0,0,85,0,0,NA,NA,NA,NA,NA,NA
50,1_2_1,4,1,CARseq_with_RIN,0.0055,0.153846153846154,0,11,0,1,12,0,0.0585,0.0965,0.0585,0.05625,0.042625,0.049125
50,1_2_1,4,1,CARseq_without_RIN,0.0235,0.510416666666667,0,47,0,0,96,0,0.0565,0.205,0.0335,0.0480721081622434,0.144341512268403,0.0277916875312969
50,1_2_1,4,1,CIBERSORTx_with_B_mode,0.025,0.358974358974359,11,50,13,14,51,13,0.0935,0.079,0.0635,0.0415029888983775,0.0267716535433071,0.0479846449136276
50,1_2_1,4,1,CIBERSORTx_with_B_mode_without_RIN,0.034,0.615819209039548,34,68,33,55,78,44,0.1155,0.1005,0.065,0.0925704526046114,0.0548556430446194,0.0827735124760077
50,1_2_1,4,1,CIBERSORTx_without_B_mode,0.015,0.53125,23,30,7,27,30,7,0.1155,0.0775,0.0775,0.0434393193013883,0.0227006786800843,0.0461211477151966
50,1_2_1,4,1,CIBERSORTx_without_B_mode_without_RIN,0.0265,0.592307692307692,44,53,6,69,55,6,0.144,0.0965,0.084,0.0929989550679206,0.0489117715890475,0.079702444208289
50,1_2_1,4,1,TOAST_with_RIN,0,NA,0,0,0,0,0,0,0.034,0.0715,0.052,0.034125,0.027875,0.045
50,1_2_1,4,1,TOAST_without_RIN,0.1535,0.756542426645519,0,307,0,1,1260,0,0.0615,0.289,0.043,0.05375,0.241125,0.034125
50,1_2_1,4,1,TOAST_TPM_with_RIN,5e-04,0,0,1,0,0,1,0,0.0535,0.0905,0.0605,0.042625,0.045625,0.04425
50,1_2_1,4,1,TOAST_TPM_without_RIN,0.0315,0.479338842975207,0,63,0,1,120,0,0.0635,0.211,0.04,0.05375,0.1585,0.03225
50,1_2_1,4,1,csSAM,0.006,0.368421052631579,0,12,1,0,17,2,NA,NA,NA,NA,NA,NA
50,3_1_1,1,1,CARseq_with_RIN,0.4275,0.0614709110867179,855,0,0,911,0,0,0.592,0.029,0.035,0.0503875968992248,0.0358839709927482,0.0400100025006252
50,3_1_1,1,1,CARseq_without_RIN,0.2925,0.0266222961730449,585,0,0,601,0,0,0.489,0.022,0.022,0.0306494159025248,0.0257505338525311,0.0237407360884311
50,3_1_1,1,1,CIBERSORTx_with_B_mode,0.4105,0.390949554896142,821,42,412,872,42,434,0.4125,0.033,0.2275,0.0281068058622767,0.0147313691507799,0.0356921807303487
50,3_1_1,1,1,CIBERSORTx_with_B_mode_without_RIN,0.409,0.359937402190923,818,35,381,851,35,392,0.412,0.032,0.2195,0.02148163019474,0.0103986135181976,0.0208376315246544
50,3_1_1,1,1,CIBERSORTx_without_B_mode,0.5175,0.40890919474586,1035,54,565,1100,55,596,0.5215,0.041,0.3075,0.0295087372238708,0.0142265907915158,0.036544227886057
50,3_1_1,1,1,CIBERSORTx_without_B_mode_without_RIN,0.516,0.385714285714286,1032,48,540,1079,49,552,0.5205,0.04,0.3005,0.0225848994394988,0.0103466114847387,0.0230509745127436
50,3_1_1,1,1,TOAST_with_RIN,0.115,0.0376569037656904,230,0,0,239,0,0,0.3925,0.0405,0.0395,0.036,0.038875,0.035375
50,3_1_1,1,1,TOAST_without_RIN,0.056,0.0260869565217391,112,0,0,115,0,0,0.3225,0.0255,0.0275,0.0225,0.023125,0.022375
50,3_1_1,1,1,TOAST_TPM_with_RIN,0.26,0.068100358422939,520,0,0,558,0,0,0.4555,0.0535,0.042,0.036,0.045125,0.041
50,3_1_1,1,1,TOAST_TPM_without_RIN,0.169,0.0342857142857143,338,0,0,350,0,0,0.391,0.0385,0.031,0.02275,0.033,0.02875
50,3_1_1,1,1,csSAM,0.119,0.0245901639344263,238,0,0,244,0,0,NA,NA,NA,NA,NA,NA
50,3_3_1,2,1,CARseq_with_RIN,0.2275,0.0945273631840796,814,96,0,902,103,0,0.575,0.177,0.047,0.0515,0.042125,0.05
50,3_3_1,2,1,CARseq_without_RIN,0.12175,0.039447731755424,455,32,0,475,32,0,0.45,0.1235,0.0285,0.0280596267067518,0.0189151947889265,0.0254290367029939
50,3_3_1,2,1,CIBERSORTx_with_B_mode,0.4565,0.163153070577452,1487,339,225,1603,347,232,0.749,0.1745,0.129,0.045557441992077,0.0158415841584158,0.0329208498715853
50,3_3_1,2,1,CIBERSORTx_with_B_mode_without_RIN,0.453,0.138783269961977,1475,337,219,1542,341,221,0.745,0.1745,0.1275,0.0285795132993775,0.0095049504950495,0.0242820452953537
50,3_3_1,2,1,CIBERSORTx_without_B_mode,0.4955,0.19299674267101,1632,350,330,1758,359,339,0.8225,0.183,0.1815,0.0441767068273092,0.0136669874879692,0.0285171102661597
50,3_3_1,2,1,CIBERSORTx_without_B_mode_without_RIN,0.49225,0.171993271656855,1620,349,321,1697,353,328,0.8195,0.1825,0.1805,0.0282463186077644,0.0082771896053898,0.0202788339670469
50,3_3_1,2,1,TOAST_with_RIN,0.03375,0.0357142857142857,87,48,0,88,52,0,0.292,0.19,0.039,0.033625,0.05125,0.03325
50,3_3_1,2,1,TOAST_without_RIN,0.01575,0.015625,41,22,0,41,23,0,0.245,0.14,0.023,0.02,0.0305,0.016875
50,3_3_1,2,1,TOAST_TPM_with_RIN,0.1385,0.0673400673400674,499,55,0,532,62,0,0.471,0.151,0.055,0.040875,0.0405,0.043
50,3_3_1,2,1,TOAST_TPM_without_RIN,0.08225,0.0294985250737463,317,12,0,326,13,0,0.3945,0.1105,0.031,0.025875,0.02375,0.023125
50,3_3_1,2,1,csSAM,0.0545,0.043859649122807,205,13,0,215,13,0,NA,NA,NA,NA,NA,NA
50,3_0.333_1,3,1,CARseq_with_RIN,0.1825,0.077117572692794,728,2,0,789,2,0,0.555,0.051,0.0425,0.0505315822388993,0.0367729831144465,0.0487804878048781
50,3_0.333_1,3,1,CARseq_without_RIN,0.10275,0.0214285714285715,410,1,0,419,1,0,0.4535,0.025,0.021,0.0295077850326469,0.0207182320441989,0.0247363134103466
50,3_0.333_1,3,1,CIBERSORTx_with_B_mode,0.22675,0.426675094816688,875,32,580,930,33,619,0.449,0.0265,0.316,0.0350615441999254,0.0178963893249608,0.0448759439050701
50,3_0.333_1,3,1,CIBERSORTx_with_B_mode_without_RIN,0.2235,0.417589576547231,858,36,568,893,36,606,0.4415,0.0265,0.3105,0.0210742260350615,0.0194662480376766,0.0422869471413161
50,3_0.333_1,3,1,CIBERSORTx_without_B_mode,0.29775,0.419590643274854,1136,55,733,1214,55,783,0.5805,0.041,0.3955,0.03905181583346,0.0151959477472674,0.0452186805040771
50,3_0.333_1,3,1,CIBERSORTx_without_B_mode_without_RIN,0.29,0.412955465587045,1105,55,717,1150,55,771,0.573,0.04,0.387,0.025072177480626,0.0149293521727539,0.04058561897702
50,3_0.333_1,3,1,TOAST_with_RIN,0.18625,0.0825123152709359,745,0,0,812,0,0,0.5625,0.064,0.05,0.052,0.034375,0.047125
50,3_0.333_1,3,1,TOAST_without_RIN,0.12125,0.041501976284585,485,0,0,506,0,0,0.486,0.033,0.0335,0.0405,0.01575,0.027125
50,3_0.333_1,3,1,TOAST_TPM_with_RIN,0.1085,0.0805084745762712,434,0,0,472,0,0,0.461,0.0585,0.0495,0.05175,0.042375,0.045
50,3_0.333_1,3,1,TOAST_TPM_without_RIN,0.04475,0.0218579234972678,179,0,0,183,0,0,0.3605,0.0365,0.0375,0.02675,0.02175,0.034
50,3_0.333_1,3,1,csSAM,0.02975,0,119,0,0,119,0,0,NA,NA,NA,NA,NA,NA
50,1_3_1,4,1,CARseq_with_RIN,0.0735,0.0925925925925926,0,147,0,2,160,0,0.047,0.2285,0.039,0.0471308913614202,0.0362545318164771,0.0407550943867983
50,1_3_1,4,1,CARseq_without_RIN,0.0325,0.0441176470588235,0,65,0,0,68,0,0.046,0.1615,0.0215,0.0421951525806857,0.0263719703629285,0.021599899535351
50,1_3_1,4,1,CIBERSORTx_with_B_mode,0.128,0.537070524412297,123,256,144,133,264,156,0.1325,0.1655,0.1555,0.0347717546362339,0.0145324924595558,0.0354229282954058
50,1_3_1,4,1,CIBERSORTx_with_B_mode_without_RIN,0.115,0.470046082949309,82,230,105,88,236,110,0.117,0.153,0.1405,0.0272824536376605,0.0137098985467508,0.0377844568484328
50,1_3_1,4,1,CIBERSORTx_without_B_mode,0.118,0.61437908496732,192,236,148,213,240,159,0.1875,0.158,0.181,0.0379978635739356,0.00944841675178754,0.0329791132282888
50,1_3_1,4,1,CIBERSORTx_without_B_mode_without_RIN,0.1025,0.558189655172414,136,205,100,147,210,107,0.1645,0.148,0.158,0.0302151686250572,0.0107252298263534,0.0291315500183217
50,1_3_1,4,1,TOAST_with_RIN,0.0395,0.217821782178218,0,79,0,0,101,0,0.0345,0.179,0.0225,0.033625,0.0685,0.023375
50,1_3_1,4,1,TOAST_without_RIN,0.0175,0.0277777777777778,0,35,0,0,36,0,0.056,0.176,0.0165,0.047875,0.0715,0.01575
50,1_3_1,4,1,TOAST_TPM_with_RIN,0.037,0.0975609756097561,0,74,0,0,82,0,0.05,0.1835,0.059,0.04825,0.0505,0.054625
50,1_3_1,4,1,TOAST_TPM_without_RIN,0.027,0.0526315789473685,0,54,0,0,57,0,0.058,0.1635,0.0415,0.05525,0.04275,0.03475
50,1_3_1,4,1,csSAM,0.011,0.0434782608695652,0,22,0,0,23,0,NA,NA,NA,NA,NA,NA
50,4_1_1,1,1,CARseq_with_RIN,0.5405,0.0792163543441227,1081,0,0,1174,0,0,0.6865,0.034,0.0425,0.0462615653913478,0.0436359089772443,0.0477619404851213
50,4_1_1,1,1,CARseq_without_RIN,0.403,0.0347305389221557,806,0,0,835,0,0,0.6115,0.033,0.042,0.0287724588516145,0.038698328935796,0.0481216233195125
50,4_1_1,1,1,CIBERSORTx_with_B_mode,0.63,0.295695919508105,1260,126,264,1379,135,275,0.6325,0.0695,0.143,0.043042270904042,0.0196491228070175,0.0307546723444523
50,4_1_1,1,1,CIBERSORTx_with_B_mode_without_RIN,0.621,0.278326554328879,1242,119,262,1330,122,269,0.628,0.069,0.142,0.0350200555384141,0.0147368421052632,0.0293352259285545
50,4_1_1,1,1,CIBERSORTx_without_B_mode,0.7235,0.313241575700048,1447,156,350,1576,168,363,0.7275,0.0875,0.191,0.0408249752789942,0.0172711571675302,0.0295920524202071
50,4_1_1,1,1,CIBERSORTx_without_B_mode_without_RIN,0.714,0.301369863013699,1428,154,350,1517,163,364,0.723,0.0875,0.189,0.0353157225596836,0.0127374784110535,0.0295920524202071
50,4_1_1,1,1,TOAST_with_RIN,0.2245,0.0606694560669456,449,1,0,476,2,0,0.4785,0.089,0.05,0.0375,0.093625,0.042625
50,4_1_1,1,1,TOAST_without_RIN,0.155,0.0342679127725857,310,0,0,321,0,0,0.447,0.1085,0.066,0.023875,0.116375,0.07225
50,4_1_1,1,1,TOAST_TPM_with_RIN,0.3665,0.0721518987341773,733,0,0,790,0,0,0.571,0.0575,0.0585,0.041125,0.05,0.043875
50,4_1_1,1,1,TOAST_TPM_without_RIN,0.2785,0.0413080895008606,557,0,0,581,0,0,0.5145,0.0535,0.059,0.02925,0.0515,0.05
50,4_1_1,1,1,csSAM,0.2695,0.0864406779661017,539,0,0,590,0,0,NA,NA,NA,NA,NA,NA
50,4_4_1,2,1,CARseq_with_RIN,0.18225,0.0470588235294118,604,125,0,637,128,0,0.497,0.2125,0.0415,0.042125,0.0415,0.044125
50,4_4_1,2,1,CARseq_without_RIN,0.0845,0.00879765395894427,276,62,0,277,64,0,0.3745,0.1625,0.022,0.0225366220107675,0.0265431325904595,0.0256667084011519
50,4_4_1,2,1,CIBERSORTx_with_B_mode,0.1795,0.327715355805243,391,327,294,410,339,319,0.1955,0.164,0.1545,0.0307167235494881,0.0235540434441246,0.0404351395730706
50,4_4_1,2,1,CIBERSORTx_with_B_mode_without_RIN,0.17825,0.348858447488585,391,322,294,421,339,335,0.1955,0.1635,0.1505,0.0398890784982935,0.0264328709761842,0.0630131362889984
50,4_4_1,2,1,CIBERSORTx_without_B_mode,0.275,0.327217125382263,741,359,448,782,368,485,0.3715,0.1815,0.2295,0.0344237026888166,0.020511583011583,0.0422119815668203
50,4_4_1,2,1,CIBERSORTx_without_B_mode_without_RIN,0.27425,0.339951865222623,740,357,441,807,375,480,0.371,0.181,0.228,0.0470971056687789,0.0253378378378378,0.0604608294930876
50,4_4_1,2,1,TOAST_with_RIN,0.02625,0,99,6,0,99,6,0,0.313,0.0815,0.0305,0.020625,0.036125,0.03075
50,4_4_1,2,1,TOAST_without_RIN,0.02,0,70,10,0,70,10,0,0.303,0.0935,0.0225,0.01525,0.03625,0.01925
50,4_4_1,2,1,TOAST_TPM_with_RIN,0.0805,0.0584795321637427,255,67,1,271,69,2,0.357,0.172,0.055,0.042125,0.04625,0.046625
50,4_4_1,2,1,TOAST_TPM_without_RIN,0.05225,0.0324074074074074,165,44,1,169,46,1,0.3065,0.146,0.041,0.0245,0.0285,0.031375
50,4_4_1,2,1,csSAM,0.0535,0.0228310502283106,186,28,0,190,29,0,NA,NA,NA,NA,NA,NA
50,4_0.25_1,3,1,CARseq_with_RIN,0.23325,0.0585267406659939,931,2,0,989,2,0,0.622,0.034,0.04,0.0467616904226057,0.0341335333833458,0.0563890972743186
50,4_0.25_1,3,1,CARseq_without_RIN,0.161,0.0359281437125748,644,0,0,668,0,0,0.529,0.0155,0.036,0.039613889933559,0.0162968534536793,0.0550332205089633
50,4_0.25_1,3,1,CIBERSORTx_with_B_mode,0.3855,0.265014299332698,1294,248,403,1387,262,449,0.6525,0.1345,0.226,0.0391701244813278,0.0212155963302752,0.0518699492576583
50,4_0.25_1,3,1,CIBERSORTx_with_B_mode_without_RIN,0.382,0.238664673642252,1284,244,380,1339,256,412,0.6485,0.1335,0.2225,0.0258921161825726,0.0172018348623853,0.0405938733320804
50,4_0.25_1,3,1,CIBERSORTx_without_B_mode,0.45,0.281723862729449,1541,259,537,1642,268,596,0.777,0.1395,0.2905,0.0359342915811088,0.0171130952380952,0.0498494479759117
50,4_0.25_1,3,1,CIBERSORTx_without_B_mode_without_RIN,0.44575,0.260165975103734,1528,255,517,1593,262,555,0.772,0.1385,0.2865,0.0233206218832502,0.0133928571428571,0.0394780863164938
50,4_0.25_1,3,1,TOAST_with_RIN,0.13575,0.0423280423280423,543,0,0,567,0,0,0.5305,0.0455,0.026,0.0315,0.0325,0.0345
50,4_0.25_1,3,1,TOAST_without_RIN,0.10625,0.0340909090909091,425,0,0,440,0,0,0.4875,0.0385,0.0265,0.03175,0.020875,0.03775
50,4_0.25_1,3,1,TOAST_TPM_with_RIN,0.149,0.0773993808049536,596,0,0,645,0,1,0.5245,0.056,0.0475,0.0475,0.05,0.056375
50,4_0.25_1,3,1,TOAST_TPM_without_RIN,0.10125,0.0689655172413793,405,0,0,435,0,0,0.446,0.0395,0.0445,0.042,0.02875,0.0505
50,4_0.25_1,3,1,csSAM,0.0775,0.03125,310,0,0,320,0,0,NA,NA,NA,NA,NA,NA
50,1_4_1,4,1,CARseq_with_RIN,0.1285,0.078853046594982,0,257,0,3,274,2,0.037,0.2835,0.0345,0.0461307663457932,0.0405050631328916,0.0488811101387673
50,1_4_1,4,1,CARseq_without_RIN,0.1155,0.076,0,231,0,1,249,0,0.07,0.2865,0.022,0.0671426781911562,0.0786671677314293,0.0328197419516473
50,1_4_1,4,1,CIBERSORTx_with_B_mode,0.1615,0.488924050632911,201,323,84,210,328,94,0.186,0.175,0.0985,0.0309979440139174,0.0138799225306649,0.0417721518987342
50,1_4_1,4,1,CIBERSORTx_with_B_mode_without_RIN,0.1595,0.421052631578947,155,319,60,159,325,67,0.158,0.1745,0.094,0.0218250830302072,0.0171078114912847,0.0415189873417722
50,1_4_1,4,1,CIBERSORTx_without_B_mode,0.165,0.591584158415842,342,330,103,361,335,112,0.274,0.1865,0.1315,0.035976200359762,0.0123283833006444,0.0434312878133103
50,1_4_1,4,1,CIBERSORTx_without_B_mode_without_RIN,0.166,0.541436464088398,280,332,89,290,339,95,0.2405,0.187,0.122,0.026290300262903,0.0148500980666853,0.0438634399308557
50,1_4_1,4,1,TOAST_with_RIN,0.0045,0.25,0,9,0,1,9,2,0.0645,0.1375,0.0435,0.050875,0.024625,0.04875
50,1_4_1,4,1,TOAST_without_RIN,0.0265,0.0535714285714286,0,53,0,0,56,0,0.058,0.2075,0.02,0.0555,0.062375,0.028875
50,1_4_1,4,1,TOAST_TPM_with_RIN,0.0765,0.0670731707317073,0,153,0,1,162,1,0.05,0.239,0.046,0.051,0.04725,0.05225
50,1_4_1,4,1,TOAST_TPM_without_RIN,0.111,0.115537848605578,0,222,0,0,251,0,0.062,0.2825,0.0275,0.059875,0.085375,0.033875
50,1_4_1,4,1,csSAM,0.045,0.0721649484536082,0,90,0,2,95,0,NA,NA,NA,NA,NA,NA
100,2_1_1,1,1,CARseq_with_RIN,0.379,0.0900360144057623,758,0,0,833,0,0,0.5555,0.0375,0.049,0.050375,0.039875,0.0475
100,2_1_1,1,1,CARseq_without_RIN,0.223,0.0490405117270789,446,0,0,469,0,0,0.4665,0.0445,0.029,0.032665832290363,0.0456821026282854,0.0265331664580726
100,2_1_1,1,1,CIBERSORTx_with_B_mode,0.7535,0.367338371116709,1507,203,516,1633,207,542,0.7665,0.1175,0.2985,0.0449685073970998,0.0121076233183857,0.0342881037006063
100,2_1_1,1,1,CIBERSORTx_with_B_mode_without_RIN,0.7335,0.342741935483871,1467,192,481,1538,192,502,0.7495,0.114,0.286,0.0319320345686246,0.0123318385650224,0.0296884800334518
100,2_1_1,1,1,CIBERSORTx_without_B_mode,0.815,0.348,1630,179,536,1759,181,560,0.8295,0.108,0.309,0.0436196152804118,0.0121465968586387,0.0316478076379067
100,2_1_1,1,1,CIBERSORTx_without_B_mode_without_RIN,0.7935,0.322952218430034,1587,167,490,1665,171,508,0.816,0.104,0.298,0.0318341912760769,0.0110994764397906,0.0254596888260255
100,2_1_1,1,1,TOAST_with_RIN,0.266,0.104377104377104,532,0,0,594,0,0,0.4935,0.074,0.057,0.0575,0.0515,0.055
100,2_1_1,1,1,TOAST_without_RIN,0.1425,0.0594059405940595,285,0,0,303,0,0,0.3925,0.058,0.03,0.034875,0.052375,0.031625
100,2_1_1,1,1,TOAST_TPM_with_RIN,0.2605,0.0762411347517731,521,0,1,563,0,1,0.484,0.053,0.0545,0.051,0.04975,0.051125
100,2_1_1,1,1,TOAST_TPM_without_RIN,0.1405,0.0570469798657718,281,0,1,297,0,1,0.397,0.038,0.036,0.0335,0.045375,0.032
100,2_1_1,1,1,csSAM,0.0925,0.0512820512820513,185,0,0,195,0,0,NA,NA,NA,NA,NA,NA
100,2_2_1,2,1,CARseq_with_RIN,0.13125,0.0821678321678322,478,47,0,523,49,0,0.463,0.1505,0.0455,0.047625,0.038875,0.047375
100,2_2_1,2,1,CARseq_without_RIN,0.06925,0.0578231292517006,267,10,0,284,10,0,0.3605,0.1205,0.09,0.0362726704190119,0.0362726704190119,0.0865540963101939
100,2_2_1,2,1,CIBERSORTx_with_B_mode,0.46325,0.294364051789794,1485,368,628,1571,373,682,0.748,0.192,0.3315,0.0373321528700015,0.0141548709408826,0.0364487884341275
100,2_2_1,2,1,CIBERSORTx_with_B_mode_without_RIN,0.45825,0.272907576358588,1471,362,604,1519,364,638,0.7455,0.192,0.327,0.0237568245536373,0.00957535387177352,0.0252494400325799
100,2_2_1,2,1,CIBERSORTx_without_B_mode,0.49775,0.288674526616649,1614,377,656,1708,387,704,0.813,0.195,0.3495,0.0379333786539769,0.0149820215741111,0.0302977232924694
100,2_2_1,2,1,CIBERSORTx_without_B_mode_without_RIN,0.492,0.269487750556793,1597,371,634,1649,378,667,0.8105,0.1945,0.3425,0.0235214140040789,0.0101877746703955,0.0217162872154116
100,2_2_1,2,1,TOAST_with_RIN,0.0465,0.0558375634517766,136,50,0,144,53,0,0.2875,0.182,0.0405,0.041375,0.05375,0.0475
100,2_2_1,2,1,TOAST_without_RIN,0.02075,0.0119047619047619,63,20,0,64,20,0,0.226,0.144,0.0515,0.028,0.0445,0.056875
100,2_2_1,2,1,TOAST_TPM_with_RIN,0.077,0.0805970149253732,283,25,0,309,26,0,0.3615,0.126,0.049,0.045375,0.0515,0.0455
100,2_2_1,2,1,TOAST_TPM_without_RIN,0.04575,0.046875,173,10,0,182,10,0,0.296,0.1125,0.069,0.032375,0.04375,0.06875
100,2_2_1,2,1,csSAM,0.022,0.0434782608695652,85,3,0,89,3,0,NA,NA,NA,NA,NA,NA
100,2_0.5_1,3,1,CARseq_with_RIN,0.2225,0.0853031860226104,869,21,0,952,21,0,0.6035,0.086,0.0465,0.0515,0.042,0.044375
100,2_0.5_1,3,1,CARseq_without_RIN,0.171,0.120822622107969,679,5,0,773,5,0,0.5105,0.054,0.0635,0.0820410205102551,0.0241370685342671,0.056528264132066
100,2_0.5_1,3,1,CIBERSORTx_with_B_mode,0.37675,0.312186216339571,1367,140,560,1457,144,590,0.701,0.094,0.341,0.0351097178683386,0.0188966116420504,0.0296786389413989
100,2_0.5_1,3,1,CIBERSORTx_with_B_mode_without_RIN,0.3685,0.294061302681992,1348,126,494,1436,129,523,0.6905,0.0905,0.313,0.0404388714733542,0.0180278019113814,0.0319470699432892
100,2_0.5_1,3,1,CIBERSORTx_without_B_mode,0.399,0.307291666666667,1460,136,579,1563,137,604,0.7545,0.0965,0.35,0.0373858447488584,0.0154761904761905,0.0326489397509256
100,2_0.5_1,3,1,CIBERSORTx_without_B_mode_without_RIN,0.3885,0.291058394160584,1433,121,509,1538,123,531,0.74,0.094,0.327,0.0429509132420091,0.014484126984127,0.0311342982160889
100,2_0.5_1,3,1,TOAST_with_RIN,0.165,0.0717299578059072,643,17,0,694,17,0,0.523,0.066,0.0425,0.04675,0.03725,0.04425
100,2_0.5_1,3,1,TOAST_without_RIN,0.15175,0.19281914893617,597,10,0,742,10,0,0.475,0.045,0.072,0.117625,0.02175,0.07025
100,2_0.5_1,3,1,TOAST_TPM_with_RIN,0.1545,0.0830860534124629,595,23,0,646,28,0,0.5005,0.086,0.05,0.045625,0.049125,0.044
100,2_0.5_1,3,1,TOAST_TPM_without_RIN,0.11725,0.0620000000000001,459,10,0,490,10,0,0.4345,0.062,0.0505,0.054125,0.028375,0.045125
100,2_0.5_1,3,1,csSAM,0.05475,0.0987654320987654,218,1,0,242,1,0,NA,NA,NA,NA,NA,NA
100,1_2_1,4,1,CARseq_with_RIN,0.0625,0.0808823529411765,0,125,0,0,136,0,0.0465,0.2055,0.05,0.047875,0.042875,0.04575
100,1_2_1,4,1,CARseq_without_RIN,0.0325,0.0298507462686567,0,65,0,0,67,0,0.04,0.1555,0.046,0.0418231905835212,0.0284247433007764,0.0504633107938893
100,1_2_1,4,1,CIBERSORTx_with_B_mode,0.107,0.533769063180828,178,214,51,190,216,53,0.212,0.155,0.0925,0.0346655206990403,0.0136948015651202,0.0279001468428781
100,1_2_1,4,1,CIBERSORTx_with_B_mode_without_RIN,0.0945,0.411214953271028,98,189,29,100,191,30,0.174,0.147,0.0805,0.0233490903881965,0.0103409726103969,0.0212922173274596
100,1_2_1,4,1,CIBERSORTx_without_B_mode,0.108,0.586998087954111,236,216,51,255,217,51,0.251,0.1605,0.098,0.03560474729964,0.0138364779874214,0.028402125051083
100,1_2_1,4,1,CIBERSORTx_without_B_mode_without_RIN,0.096,0.483870967741935,136,192,39,140,193,39,0.2095,0.1495,0.084,0.0248033071076143,0.0108176100628931,0.0218635063342869
100,1_2_1,4,1,TOAST_with_RIN,0.0285,0.0338983050847458,0,57,0,0,59,0,0.0405,0.178,0.047,0.039875,0.05625,0.043
100,1_2_1,4,1,TOAST_without_RIN,0.013,0.0370370370370371,0,26,0,0,27,0,0.0355,0.1245,0.032,0.0345,0.0245,0.030125
100,1_2_1,4,1,TOAST_TPM_with_RIN,0.048,0.111111111111111,0,96,0,0,108,0,0.0455,0.189,0.059,0.045625,0.0545,0.051
100,1_2_1,4,1,TOAST_TPM_without_RIN,0.0255,0.0727272727272728,0,51,0,0,55,0,0.0405,0.1405,0.0595,0.040625,0.03525,0.05225
100,1_2_1,4,1,csSAM,0.011,0,0,22,0,0,22,0,NA,NA,NA,NA,NA,NA
100,3_1_1,1,1,CARseq_with_RIN,0.6535,0.0750176928520877,1307,0,0,1413,0,0,0.758,0.037,0.034,0.047,0.041625,0.052625
100,3_1_1,1,1,CARseq_without_RIN,0.4985,0.0468451242829828,997,0,0,1046,0,0,0.6525,0.0605,0.024,0.0358974358974359,0.066541588492808,0.0301438398999375
100,3_1_1,1,1,CIBERSORTx_with_B_mode,0.632,0.489086499595796,1264,296,799,1325,305,844,0.6325,0.158,0.408,0.0293065258135969,0.0219172016825327,0.0381595764104437
100,3_1_1,1,1,CIBERSORTx_with_B_mode_without_RIN,0.63,0.479553903345725,1260,285,782,1310,296,815,0.6315,0.1565,0.404,0.0262395638098484,0.0265663050697366,0.0365163410626255
100,3_1_1,1,1,CIBERSORTx_without_B_mode,0.7645,0.488799732530926,1529,338,991,1605,351,1035,0.765,0.179,0.505,0.0301250188281368,0.0218151883103519,0.0341825217671719
100,3_1_1,1,1,CIBERSORTx_without_B_mode_without_RIN,0.762,0.482336956521739,1524,329,974,1592,341,1011,0.764,0.1765,0.4995,0.0278656424160265,0.0236674212800988,0.0328926152853918
100,3_1_1,1,1,TOAST_with_RIN,0.6125,0.0705614567526556,1225,0,0,1318,0,0,0.724,0.067,0.151,0.04175,0.06025,0.033625
100,3_1_1,1,1,TOAST_without_RIN,0.533,0.0448028673835126,1066,0,0,1116,0,0,0.6715,0.055,0.079,0.034625,0.04525,0.024875
100,3_1_1,1,1,TOAST_TPM_with_RIN,0.4825,0.0667311411992263,965,0,0,1034,0,0,0.6305,0.057,0.054,0.04525,0.052875,0.049
100,3_1_1,1,1,TOAST_TPM_without_RIN,0.421,0.0507328072153326,842,0,0,887,0,0,0.5875,0.078,0.033,0.0375,0.0705,0.035375
100,3_1_1,1,1,csSAM,0.309,0.0433436532507739,618,0,0,646,0,0,NA,NA,NA,NA,NA,NA
100,3_3_1,2,1,CARseq_with_RIN,0.36375,0.0744274809160306,1249,206,0,1355,217,0,0.7385,0.24,0.035,0.048,0.040375,0.0465
100,3_3_1,2,1,CARseq_without_RIN,0.2905,0.0785091197462332,1045,117,0,1140,121,0,0.6655,0.1965,0.041,0.0566274116762716,0.0303182159859684,0.0474818341267853
100,3_3_1,2,1,CIBERSORTx_with_B_mode,0.4235,0.44166117336849,1373,321,869,1557,332,1145,0.6875,0.1635,0.4375,0.0570279928528886,0.021519659936238,0.104699583581202
100,3_3_1,2,1,CIBERSORTx_with_B_mode_without_RIN,0.42225,0.405281690140845,1369,320,865,1451,328,1061,0.688,0.163,0.4355,0.0312686122692079,0.0191285866099894,0.0854650009914733
100,3_3_1,2,1,CIBERSORTx_without_B_mode,0.4745,0.426239419588875,1559,339,935,1776,353,1179,0.7815,0.1715,0.4695,0.063533269572346,0.0180666353824496,0.0935917583376986
100,3_3_1,2,1,CIBERSORTx_without_B_mode_without_RIN,0.47325,0.395400830405621,1556,337,929,1673,347,1111,0.7815,0.1715,0.469,0.0371635469326411,0.015954950727358,0.071590710668762
100,3_3_1,2,1,TOAST_with_RIN,0.26175,0.0429616087751371,960,87,0,1000,94,0,0.674,0.171,0.037,0.031625,0.04725,0.037125
100,3_3_1,2,1,TOAST_without_RIN,0.20325,0.0424028268551236,772,41,0,806,43,0,0.5815,0.1335,0.0305,0.038125,0.03175,0.031375
100,3_3_1,2,1,TOAST_TPM_with_RIN,0.30575,0.0671243325705568,1079,144,0,1157,154,0,0.688,0.2195,0.0555,0.044625,0.046,0.04675
100,3_3_1,2,1,TOAST_TPM_without_RIN,0.22475,0.0645161290322581,840,59,0,900,61,0,0.603,0.169,0.043,0.04825,0.028125,0.042875
100,3_3_1,2,1,csSAM,0.1705,0.0695770804911323,657,25,0,707,26,0,NA,NA,NA,NA,NA,NA
100,3_0.333_1,3,1,CARseq_with_RIN,0.33725,0.0741249142072752,1335,14,0,1442,15,0,0.7625,0.065,0.0445,0.049625,0.03775,0.050875
100,3_0.333_1,3,1,CARseq_without_RIN,0.29575,0.0475040257648953,1174,9,0,1233,9,0,0.726,0.055,0.0295,0.0352439483255989,0.0351185250219491,0.0280948200175593
100,3_0.333_1,3,1,CIBERSORTx_with_B_mode,0.3445,0.3834451901566,1302,76,689,1403,81,751,0.652,0.05,0.3615,0.0440040309035942,0.0172676485525648,0.040099803956514
100,3_0.333_1,3,1,CIBERSORTx_with_B_mode_without_RIN,0.344,0.362076958738989,1302,74,671,1367,77,713,0.651,0.049,0.356,0.0275445078938529,0.0139664804469274,0.0285154161468544
100,3_0.333_1,3,1,CIBERSORTx_without_B_mode,0.4245,0.411030176899064,1549,149,972,1679,154,1050,0.777,0.0835,0.499,0.0450557620817844,0.0175927912465136,0.0397117448635388
100,3_0.333_1,3,1,CIBERSORTx_without_B_mode_without_RIN,0.42225,0.392446043165468,1543,146,957,1620,149,1011,0.775,0.083,0.4945,0.0286988847583643,0.0120145891439605,0.0271389144434223
100,3_0.333_1,3,1,TOAST_with_RIN,0.1805,0.0437086092715232,715,7,0,748,7,0,0.563,0.064,0.0625,0.033625,0.050625,0.05175
100,3_0.333_1,3,1,TOAST_without_RIN,0.133,0.0274223034734917,525,7,0,540,7,0,0.511,0.057,0.0455,0.026625,0.038625,0.03575
100,3_0.333_1,3,1,TOAST_TPM_with_RIN,0.269,0.0561403508771929,1064,12,0,1127,13,0,0.6825,0.074,0.061,0.0415,0.052875,0.0505
100,3_0.333_1,3,1,TOAST_TPM_without_RIN,0.2235,0.047923322683706,881,13,0,926,13,0,0.623,0.073,0.0385,0.036375,0.05975,0.02825
100,3_0.333_1,3,1,csSAM,0.174,0.0594594594594594,695,1,0,739,1,0,NA,NA,NA,NA,NA,NA
100,1_3_1,4,1,CARseq_with_RIN,0.2355,0.0728346456692913,0,471,0,0,508,0,0.0415,0.3945,0.042,0.04525,0.042875,0.042625
100,1_3_1,4,1,CARseq_without_RIN,0.136,0.025089605734767,0,272,0,0,279,0,0.0215,0.317,0.0225,0.0236427320490368,0.0240180135101326,0.0261446084563423
100,1_3_1,4,1,CIBERSORTx_with_B_mode,0.2915,0.503407155025554,384,583,144,411,614,149,0.276,0.351,0.143,0.0355390082924353,0.0265165967188096,0.0394791236047954
100,1_3_1,4,1,CIBERSORTx_with_B_mode_without_RIN,0.2685,0.455375253549696,306,537,110,320,554,112,0.2465,0.3275,0.129,0.0250465391775258,0.0167874856924838,0.0274906986357999
100,1_3_1,4,1,CIBERSORTx_without_B_mode,0.2975,0.542659492697925,477,595,165,510,619,172,0.3395,0.363,0.1615,0.0392878163625662,0.0260084925690021,0.0346077187896358
100,1_3_1,4,1,CIBERSORTx_without_B_mode_without_RIN,0.2715,0.5,386,543,129,399,556,131,0.3005,0.341,0.145,0.0251618599175986,0.0164543524416136,0.0251857220510962
100,1_3_1,4,1,TOAST_with_RIN,0.129,0.0373134328358209,0,258,0,2,266,0,0.0495,0.29,0.055,0.05275,0.041125,0.046625
100,1_3_1,4,1,TOAST_without_RIN,0.0715,0.0272108843537415,0,143,0,0,147,0,0.032,0.2375,0.0285,0.03025,0.02225,0.025
100,1_3_1,4,1,TOAST_TPM_with_RIN,0.184,0.0730478589420654,0,368,0,0,397,0,0.038,0.3505,0.0425,0.040625,0.046875,0.048625
100,1_3_1,4,1,TOAST_TPM_without_RIN,0.113,0.0504201680672269,0,226,0,0,238,0,0.0245,0.278,0.0285,0.023625,0.027,0.033
100,1_3_1,4,1,csSAM,0.038,0.012987012987013,0,76,0,0,77,0,NA,NA,NA,NA,NA,NA
100,4_1_1,1,1,CARseq_with_RIN,0.767,0.0747889022919179,1534,0,0,1658,0,0,0.831,0.031,0.04,0.050125,0.037125,0.040625
100,4_1_1,1,1,CARseq_without_RIN,0.698,0.0477489768076398,1396,0,0,1466,0,0,0.8045,0.02,0.0215,0.0331872260488416,0.0211646837820914,0.0269254852849092
100,4_1_1,1,1,CIBERSORTx_with_B_mode,0.8645,0.335,1729,206,497,1862,210,528,0.868,0.1075,0.254,0.0441679201422125,0.0137542277339346,0.0299955888839877
100,4_1_1,1,1,CIBERSORTx_with_B_mode_without_RIN,0.8625,0.356583364416263,1725,205,497,1946,209,526,0.8655,0.1065,0.2525,0.0648160809517298,0.009695603156708,0.0399205999117777
100,4_1_1,1,1,CIBERSORTx_without_B_mode,0.917,0.331632653061224,1834,197,537,1980,201,563,0.921,0.102,0.274,0.0459063562647136,0.0116354234001293,0.0296973158195317
100,4_1_1,1,1,CIBERSORTx_without_B_mode_without_RIN,0.916,0.356063268892794,1832,196,535,2078,199,568,0.918,0.1015,0.273,0.0678786293486791,0.00883430295195001,0.0354083380925186
100,4_1_1,1,1,TOAST_with_RIN,0.6175,0.0728228228228228,1235,0,0,1332,0,0,0.753,0.031,0.0425,0.042625,0.030125,0.050375
100,4_1_1,1,1,TOAST_without_RIN,0.5445,0.0388349514563107,1089,0,0,1133,0,0,0.721,0.0215,0.0255,0.028375,0.019625,0.03325
100,4_1_1,1,1,TOAST_TPM_with_RIN,0.7085,0.0786736020806242,1417,0,0,1538,0,0,0.797,0.0515,0.0475,0.04575,0.0425,0.044375
100,4_1_1,1,1,TOAST_TPM_without_RIN,0.629,0.0498489425981873,1258,0,0,1324,0,0,0.7595,0.0385,0.0245,0.032375,0.029125,0.02775
100,4_1_1,1,1,csSAM,0.521,0.0527272727272727,1042,0,0,1100,0,0,NA,NA,NA,NA,NA,NA
100,4_4_1,2,1,CARseq_with_RIN,0.4,0.0697674418604651,1306,294,0,1410,310,0,0.756,0.3015,0.0445,0.04925,0.038,0.055375
100,4_4_1,2,1,CARseq_without_RIN,0.3225,0.032983508245877,1116,174,0,1157,177,0,0.6995,0.2195,0.021,0.0304625799172621,0.0200576657891438,0.0274539300488906
100,4_4_1,2,1,CIBERSORTx_with_B_mode,0.54725,0.171774498675747,1616,573,306,1740,582,321,0.808,0.2875,0.154,0.0428281068524971,0.013275923932544,0.0300282144296655
100,4_4_1,2,1,CIBERSORTx_with_B_mode_without_RIN,0.547,0.243430152143845,1614,574,303,1977,581,334,0.807,0.2875,0.153,0.107288037166086,0.0166846071044133,0.0503829101168883
100,4_4_1,2,1,CIBERSORTx_without_B_mode,0.58675,0.192082616179002,1744,603,389,1874,614,417,0.873,0.3025,0.1955,0.0430311231393775,0.0122901159771508,0.0314863676341249
100,4_4_1,2,1,CIBERSORTx_without_B_mode_without_RIN,0.58625,0.263967357187696,1741,604,387,2137,621,428,0.8715,0.3025,0.195,0.102706359945873,0.0164445213778778,0.0497801231310466
100,4_4_1,2,1,TOAST_with_RIN,0.26025,0.0763087843833186,923,118,0,989,138,0,0.628,0.16,0.043,0.048,0.0585,0.05175
100,4_4_1,2,1,TOAST_without_RIN,0.26675,0.0421903052064632,980,87,0,1021,93,0,0.65,0.1335,0.0225,0.02875,0.039375,0.02425
100,4_4_1,2,1,TOAST_TPM_with_RIN,0.29625,0.0647198105761642,992,193,0,1057,210,0,0.659,0.2265,0.045,0.045875,0.042375,0.048625
100,4_4_1,2,1,TOAST_TPM_without_RIN,0.266,0.0388437217705511,906,158,0,943,164,0,0.627,0.1965,0.0315,0.02925,0.027125,0.028125
100,4_4_1,2,1,csSAM,0.22475,0.0322927879440258,774,125,0,803,126,0,NA,NA,NA,NA,NA,NA
100,4_0.25_1,3,1,CARseq_with_RIN,0.393,0.0653983353151011,1549,23,0,1657,25,0,0.84,0.078,0.0335,0.045125,0.038625,0.044875
100,4_0.25_1,3,1,CARseq_without_RIN,0.35075,0.0590207914151576,1392,11,0,1479,12,0,0.7835,0.0515,0.0445,0.050231742452712,0.0214205186020293,0.0544907929349868
100,4_0.25_1,3,1,CIBERSORTx_with_B_mode,0.267,0.49812030075188,987,81,894,1049,83,996,0.4945,0.0465,0.4535,0.0316767830045524,0.0255102040816327,0.0557795698924731
100,4_0.25_1,3,1,CIBERSORTx_with_B_mode_without_RIN,0.26475,0.485922330097087,984,75,886,1037,76,947,0.493,0.047,0.453,0.0311077389984825,0.019299023957409,0.0403225806451613
100,4_0.25_1,3,1,CIBERSORTx_without_B_mode,0.3525,0.465301478953356,1318,92,1045,1398,95,1144,0.662,0.0525,0.53,0.0329883570504528,0.0227781167378483,0.0534909034364796
100,4_0.25_1,3,1,CIBERSORTx_without_B_mode_without_RIN,0.351,0.455813953488372,1316,88,1038,1380,91,1109,0.6605,0.053,0.5285,0.0323415265200517,0.0170835875533862,0.0393406935157829
100,4_0.25_1,3,1,TOAST_with_RIN,0.227,0.0452155625657203,903,5,0,945,6,0,0.635,0.068,0.0615,0.036,0.050625,0.050125
100,4_0.25_1,3,1,TOAST_without_RIN,0.1875,0.0445859872611465,744,6,0,778,7,0,0.5685,0.047,0.0725,0.046125,0.024125,0.040875
100,4_0.25_1,3,1,TOAST_TPM_with_RIN,0.346,0.0661268556005398,1371,13,0,1467,15,0,0.7895,0.0855,0.048,0.0455,0.04275,0.053125
100,4_0.25_1,3,1,TOAST_TPM_without_RIN,0.3075,0.0509259259259259,1225,5,0,1290,6,0,0.7405,0.0655,0.066,0.042625,0.025125,0.055875
100,4_0.25_1,3,1,csSAM,0.23775,0.068560235063663,951,0,0,1021,0,0,NA,NA,NA,NA,NA,NA
100,1_4_1,4,1,CARseq_with_RIN,0.298,0.0494417862838915,0,596,0,0,627,0,0.055,0.4425,0.048,0.0460057507188399,0.0362545318164771,0.0450056257032129
100,1_4_1,4,1,CARseq_without_RIN,0.2055,0.0190930787589498,0,411,0,0,419,0,0.0325,0.3645,0.0295,0.0261576971214018,0.0202753441802253,0.0257822277847309
100,1_4_1,4,1,CIBERSORTx_with_B_mode,0.256,0.678996865203762,426,512,538,457,530,608,0.2875,0.278,0.3185,0.0452886529528865,0.0109243697478992,0.0663489736070381
100,1_4_1,4,1,CIBERSORTx_with_B_mode_without_RIN,0.253,0.634657039711191,346,506,465,357,521,507,0.256,0.276,0.298,0.0280358327803583,0.00952380952380952,0.0469208211143695
100,1_4_1,4,1,CIBERSORTx_without_B_mode,0.254,0.717620900500278,606,508,546,649,519,631,0.3895,0.2735,0.3415,0.0478317245353695,0.0101574403250381,0.0626431141642133
100,1_4_1,4,1,CIBERSORTx_without_B_mode_without_RIN,0.2505,0.679257362355954,497,501,488,512,508,542,0.3505,0.2705,0.3145,0.0285261489698891,0.00837988826815642,0.0446516192345437
100,1_4_1,4,1,TOAST_with_RIN,0.1545,0.055045871559633,0,309,0,0,327,0,0.0775,0.329,0.0465,0.073,0.046625,0.042625
100,1_4_1,4,1,TOAST_without_RIN,0.114,0.0297872340425532,0,228,0,0,235,0,0.0375,0.283,0.028,0.0315,0.021375,0.022875
100,1_4_1,4,1,TOAST_TPM_with_RIN,0.229,0.0576131687242798,0,458,0,0,486,0,0.0475,0.392,0.0485,0.0425,0.038,0.047625
100,1_4_1,4,1,TOAST_TPM_without_RIN,0.163,0.0326409495548962,0,326,0,0,337,0,0.034,0.3255,0.029,0.024,0.022875,0.02675
100,1_4_1,4,1,csSAM,0.101,0.0334928229665071,0,202,0,0,209,0,NA,NA,NA,NA,NA,NA
200,2_1_1,1,1,CARseq_with_RIN,0.567,0.0742857142857143,1134,0,0,1224,1,0,0.699,0.036,0.048,0.04875,0.044625,0.047375
200,2_1_1,1,1,CARseq_without_RIN,0.458,0.65525028227324,916,302,0,992,1665,0,0.6155,0.281,0.032,0.060632579072384,0.300412551568946,0.0302537817227153
200,2_1_1,1,1,CIBERSORTx_with_B_mode,0.836,0.334659769200159,1672,244,454,1788,253,472,0.845,0.1375,0.243,0.0367897533723941,0.0166222039811205,0.0321189911618883
200,2_1_1,1,1,CIBERSORTx_with_B_mode_without_RIN,0.8285,0.31187707641196,1657,241,434,1719,246,443,0.839,0.136,0.238,0.0247990189399101,0.0162117791914632,0.0234964431989653
200,2_1_1,1,1,CIBERSORTx_without_B_mode,0.866,0.32842186894145,1732,261,440,1851,272,456,0.876,0.144,0.2395,0.0369406867845994,0.0154921594558851,0.0265179224579371
200,2_1_1,1,1,CIBERSORTx_without_B_mode_without_RIN,0.8585,0.307382008874546,1717,260,421,1783,268,428,0.8675,0.143,0.2345,0.024843912591051,0.0153032306820329,0.0204828090709583
200,2_1_1,1,1,TOAST_with_RIN,0.4825,0.0445544554455446,965,0,0,1010,0,0,0.6295,0.034,0.039,0.03275,0.042375,0.03725
200,2_1_1,1,1,TOAST_without_RIN,0.3685,0.569257744009351,737,188,0,768,943,0,0.559,0.25,0.027,0.039,0.2595,0.022875
200,2_1_1,1,1,TOAST_TPM_with_RIN,0.4665,0.0604229607250756,933,0,0,992,1,0,0.6275,0.041,0.0505,0.043375,0.051875,0.0465
200,2_1_1,1,1,TOAST_TPM_without_RIN,0.3795,0.725794797687861,759,394,0,809,1959,0,0.5555,0.3005,0.0335,0.054875,0.303,0.029375
200,2_1_1,1,1,csSAM,0.2235,0.31651376146789,447,31,0,478,176,0,NA,NA,NA,NA,NA,NA
200,2_2_1,2,1,CARseq_with_RIN,0.338,0.0656530753282654,1179,173,0,1261,186,0,0.703,0.216,0.0415,0.046875,0.04075,0.048125
200,2_2_1,2,1,CARseq_without_RIN,0.235,0.0339157245632066,857,83,0,887,86,0,0.6,0.1735,0.0315,0.0313867700387645,0.0258847067650369,0.032512192072027
200,2_2_1,2,1,CIBERSORTx_with_B_mode,0.3885,0.303451367099955,1253,301,552,1324,319,588,0.627,0.1505,0.277,0.0311231393775372,0.0223152022315202,0.0442282176028306
200,2_2_1,2,1,CIBERSORTx_with_B_mode_without_RIN,0.38875,0.306732055283103,1254,301,552,1327,322,594,0.627,0.1505,0.277,0.0329837618403248,0.0240585774058577,0.0484298982750995
200,2_2_1,2,1,CIBERSORTx_without_B_mode,0.553,0.242465753424657,1751,461,547,1884,467,569,0.8775,0.2355,0.2805,0.0405759162303665,0.0166488794023479,0.024390243902439
200,2_2_1,2,1,CIBERSORTx_without_B_mode_without_RIN,0.54925,0.225863284002819,1744,453,538,1821,461,556,0.8765,0.234,0.2785,0.0270942408376963,0.0138740661686233,0.0207317073170732
200,2_2_1,2,1,TOAST_with_RIN,0.15675,0.0338983050847458,466,161,0,474,175,0,0.447,0.226,0.102,0.028625,0.042875,0.052125
200,2_2_1,2,1,TOAST_without_RIN,0.099,0.00751879699248126,312,84,0,313,86,0,0.3675,0.181,0.069,0.020375,0.023,0.036875
200,2_2_1,2,1,TOAST_TPM_with_RIN,0.276,0.0539845758354756,964,140,0,1019,148,0,0.6255,0.2105,0.051,0.04375,0.046875,0.045875
200,2_2_1,2,1,TOAST_TPM_without_RIN,0.19475,0.0250312891113892,703,76,0,722,77,0,0.5475,0.1685,0.0335,0.02525,0.027875,0.029875
200,2_2_1,2,1,csSAM,0.10375,0.0142517814726841,381,34,0,387,34,0,NA,NA,NA,NA,NA,NA
200,2_0.5_1,3,1,CARseq_with_RIN,0.28925,0.0654281098546042,1116,41,0,1195,43,0,0.6775,0.1235,0.053,0.046875,0.042625,0.048875
200,2_0.5_1,3,1,CARseq_without_RIN,0.2165,0.0430939226519337,843,23,0,882,23,0,0.608,0.1155,0.041,0.0282570642660665,0.0568892223055764,0.0337584396099025
200,2_0.5_1,3,1,CIBERSORTx_with_B_mode,0.3225,0.486464968152866,1211,79,1048,1296,82,1134,0.61,0.064,0.5485,0.0396557543030712,0.0161400318254149,0.042879746835443
200,2_0.5_1,3,1,CIBERSORTx_with_B_mode_without_RIN,0.31775,0.468423253868674,1198,73,1009,1256,74,1061,0.6085,0.062,0.5355,0.0312183597705029,0.0179586269606729,0.0337025316455696
200,2_0.5_1,3,1,CIBERSORTx_without_B_mode,0.361,0.449904761904762,1381,63,1004,1482,67,1076,0.6975,0.058,0.531,0.0400299850074963,0.0135529608006672,0.0389648581091016
200,2_0.5_1,3,1,CIBERSORTx_without_B_mode_without_RIN,0.3555,0.431427429028389,1365,57,965,1434,59,1008,0.696,0.055,0.516,0.0301349325337331,0.0156380316930776,0.0295544772827525
200,2_0.5_1,3,1,TOAST_with_RIN,0.23025,0.0696969696969697,895,26,0,962,28,0,0.6115,0.0955,0.048,0.046125,0.036875,0.050375
200,2_0.5_1,3,1,TOAST_without_RIN,0.17325,0.0334728033472803,677,16,0,701,16,0,0.5545,0.093,0.029,0.029,0.036,0.028375
200,2_0.5_1,3,1,TOAST_TPM_with_RIN,0.23925,0.074468085106383,917,40,0,993,41,0,0.61,0.123,0.0525,0.04825,0.05225,0.05075
200,2_0.5_1,3,1,TOAST_TPM_without_RIN,0.176,0.0356164383561643,682,22,0,708,22,0,0.552,0.1345,0.0315,0.026875,0.062375,0.03125
200,2_0.5_1,3,1,csSAM,0.092,0.0416666666666666,366,2,0,382,2,0,NA,NA,NA,NA,NA,NA
200,1_2_1,4,1,CARseq_with_RIN,0.1105,0.0515021459227468,0,221,0,0,233,0,0.047,0.2555,0.0475,0.050875,0.038,0.05
200,1_2_1,4,1,CARseq_without_RIN,0.063,0.0454545454545454,0,126,0,0,132,0,0.05,0.1975,0.0375,0.0558889722430608,0.0247561890472618,0.037759439859965
200,1_2_1,4,1,CIBERSORTx_with_B_mode,0.1535,0.688324873096447,345,307,279,370,318,297,0.2805,0.1865,0.2265,0.0395968322534197,0.0249343832020997,0.0404542228530873
200,1_2_1,4,1,CIBERSORTx_with_B_mode_without_RIN,0.144,0.631241997439181,251,288,217,262,296,223,0.2425,0.183,0.2035,0.0277897768178546,0.0204724409448819,0.0287437899219304
200,1_2_1,4,1,CIBERSORTx_without_B_mode,0.156,0.714547118023788,443,312,278,477,323,293,0.3335,0.191,0.232,0.0426132544696868,0.0195543428831287,0.0369674185463659
200,1_2_1,4,1,CIBERSORTx_without_B_mode_without_RIN,0.146,0.663594470046083,331,292,215,349,298,221,0.2905,0.1865,0.212,0.0303804274768114,0.0145520691223283,0.0274122807017544
200,1_2_1,4,1,TOAST_with_RIN,0.093,0.0558375634517766,0,186,0,0,197,0,0.039,0.2245,0.045,0.040625,0.03875,0.043625
200,1_2_1,4,1,TOAST_without_RIN,0.0625,0.0458015267175572,0,125,0,0,131,0,0.032,0.1795,0.0345,0.0345,0.02475,0.036375
200,1_2_1,4,1,TOAST_TPM_with_RIN,0.085,0.081081081081081,0,170,0,0,185,0,0.0385,0.222,0.0465,0.051,0.042375,0.047875
200,1_2_1,4,1,TOAST_TPM_without_RIN,0.0495,0.0388349514563107,0,99,0,1,102,0,0.0495,0.181,0.0335,0.0555,0.028375,0.037375
200,1_2_1,4,1,csSAM,0.0165,0,0,33,0,0,33,0,NA,NA,NA,NA,NA,NA
200,3_1_1,1,1,CARseq_with_RIN,0.8265,0.0780814277746793,1653,0,0,1793,0,0,0.885,0.0345,0.044,0.05025,0.03975,0.04675
200,3_1_1,1,1,CARseq_without_RIN,0.7675,0.151933701657459,1535,1,0,1808,2,0,0.838,0.0285,0.0525,0.0904315196998124,0.0386491557223265,0.0609130706691682
200,3_1_1,1,1,CIBERSORTx_with_B_mode,0.8745,0.413284132841328,1749,243,774,1887,253,841,0.8745,0.127,0.3915,0.0429438767954983,0.0171990171990172,0.0396090534979424
200,3_1_1,1,1,CIBERSORTx_with_B_mode_without_RIN,0.874,0.392422662495655,1748,242,768,1817,251,809,0.8745,0.1265,0.3885,0.0263586554124093,0.0163055617601072,0.026920438957476
200,3_1_1,1,1,CIBERSORTx_without_B_mode,0.926,0.386551838357072,1852,206,756,1996,213,810,0.926,0.1085,0.3835,0.0426372428824411,0.0158864647320483,0.0378486055776892
200,3_1_1,1,1,CIBERSORTx_without_B_mode_without_RIN,0.9255,0.365661411925977,1851,206,751,1928,211,779,0.9255,0.1075,0.3815,0.027244244653317,0.0131328108451599,0.026662580447441
200,3_1_1,1,1,TOAST_with_RIN,0.7055,0.114805520702635,1411,0,1,1587,1,6,0.7895,0.052,0.101,0.059,0.047,0.080875
200,3_1_1,1,1,TOAST_without_RIN,0.6365,0.117198335644938,1273,0,0,1442,0,0,0.7365,0.04,0.095,0.07175,0.0325,0.077125
200,3_1_1,1,1,TOAST_TPM_with_RIN,0.774,0.0702702702702702,1548,0,0,1665,0,0,0.8535,0.0535,0.0445,0.0435,0.044,0.04825
200,3_1_1,1,1,TOAST_TPM_without_RIN,0.7075,0.168136390358613,1415,0,0,1701,0,0,0.785,0.051,0.0645,0.096625,0.042,0.068875
200,3_1_1,1,1,csSAM,0.4905,0.100824931255729,981,1,0,1090,1,0,NA,NA,NA,NA,NA,NA
200,3_3_1,2,1,CARseq_with_RIN,0.48375,0.0697115384615384,1524,411,0,1643,437,0,0.837,0.357,0.029,0.05025,0.042875,0.047875
200,3_3_1,2,1,CARseq_without_RIN,0.40775,0.0388921626399529,1362,269,0,1422,275,0,0.7815,0.275,0.021,0.0322944048066091,0.0224058079859807,0.0292902741269245
200,3_3_1,2,1,CIBERSORTx_with_B_mode,0.48275,0.3826726342711,1298,633,975,1396,668,1064,0.6495,0.317,0.4905,0.0351666666666667,0.0272288098375055,0.046146293568974
200,3_3_1,2,1,CIBERSORTx_with_B_mode_without_RIN,0.483,0.3781783070486,1299,633,977,1374,668,1065,0.6495,0.3165,0.4895,0.0333333333333333,0.0276679841897233,0.0504009163802978
200,3_3_1,2,1,CIBERSORTx_without_B_mode,0.52525,0.382784958871915,1471,630,1069,1577,662,1165,0.7355,0.315,0.537,0.0371779859484778,0.0276276276276276,0.0461608775137112
200,3_3_1,2,1,CIBERSORTx_without_B_mode_without_RIN,0.525,0.379799173065564,1471,629,1071,1564,668,1154,0.7355,0.315,0.536,0.0345433255269321,0.0262262262262262,0.0539305301645338
200,3_3_1,2,1,TOAST_with_RIN,0.3455,0.0455801104972375,1131,251,0,1178,270,0,0.691,0.26,0.0635,0.036625,0.052625,0.038875
200,3_3_1,2,1,TOAST_without_RIN,0.2845,0.0290102389078498,969,169,0,999,173,0,0.643,0.227,0.0375,0.026,0.030875,0.02575
200,3_3_1,2,1,TOAST_TPM_with_RIN,0.428,0.0680457267283615,1383,329,0,1472,365,0,0.783,0.3125,0.045,0.0445,0.049,0.046875
200,3_3_1,2,1,TOAST_TPM_without_RIN,0.3645,0.0414201183431953,1219,239,0,1273,248,0,0.738,0.274,0.0295,0.034125,0.031625,0.028125
200,3_3_1,2,1,csSAM,0.23575,0.029835390946502,861,82,0,890,82,0,NA,NA,NA,NA,NA,NA
200,3_0.333_1,3,1,CARseq_with_RIN,0.444,0.0672268907563025,1710,66,0,1834,70,0,0.9015,0.1135,0.041,0.046125,0.03825,0.047375
200,3_0.333_1,3,1,CARseq_without_RIN,0.40025,0.037282020444979,1564,37,0,1626,37,0,0.848,0.088,0.031,0.0256474415113224,0.0309020392843738,0.0365319654697861
200,3_0.333_1,3,1,CIBERSORTx_with_B_mode,0.44125,0.456086286594761,1647,118,994,1835,134,1276,0.8235,0.065,0.502,0.0544248454696216,0.0383824537354352,0.098876404494382
200,3_0.333_1,3,1,CIBERSORTx_with_B_mode_without_RIN,0.4395,0.420375865479723,1643,115,979,1754,123,1156,0.822,0.0645,0.4975,0.0361827227498869,0.0322138450993831,0.078133102852204
200,3_0.333_1,3,1,CIBERSORTx_without_B_mode,0.466,0.444742329460828,1761,103,984,1984,119,1254,0.883,0.057,0.5,0.0627230304693934,0.0339053997488489,0.0922577654149281
200,3_0.333_1,3,1,CIBERSORTx_without_B_mode_without_RIN,0.46375,0.408482142857143,1756,99,969,1898,109,1129,0.8795,0.0565,0.4945,0.0444688443590447,0.028673084972792,0.0726317416164426
200,3_0.333_1,3,1,TOAST_with_RIN,0.4075,0.0701654306902453,1583,47,0,1700,53,0,0.8525,0.116,0.063,0.043875,0.049125,0.04125
200,3_0.333_1,3,1,TOAST_without_RIN,0.37625,0.0438373570520966,1467,38,0,1532,42,0,0.8115,0.1005,0.031,0.030125,0.041625,0.019625
200,3_0.333_1,3,1,TOAST_TPM_with_RIN,0.4035,0.0588921282798833,1568,46,0,1667,48,0,0.847,0.1155,0.062,0.041125,0.045,0.0465
200,3_0.333_1,3,1,TOAST_TPM_without_RIN,0.3655,0.0305039787798409,1430,32,0,1475,33,0,0.803,0.1,0.0515,0.0245,0.045,0.039125
200,3_0.333_1,3,1,csSAM,0.249,0.00796812749003983,982,14,0,988,16,0,NA,NA,NA,NA,NA,NA
200,1_3_1,4,1,CARseq_with_RIN,0.3,0.0521327014218009,0,600,0,0,633,0,0.0535,0.4325,0.0495,0.0505,0.03825,0.0445
200,1_3_1,4,1,CARseq_without_RIN,0.2815,0.626657824933687,156,563,0,785,723,0,0.274,0.412,0.0695,0.246153846153846,0.131582238899312,0.073921200750469
200,1_3_1,4,1,CIBERSORTx_with_B_mode,0.2485,0.706091070372561,471,497,640,496,509,686,0.3065,0.265,0.3825,0.0396252495776378,0.0137595258255716,0.0369015428662319
200,1_3_1,4,1,CIBERSORTx_with_B_mode_without_RIN,0.247,0.668456375838926,394,494,569,402,504,584,0.283,0.2635,0.3565,0.0236522807556443,0.0112193056731583,0.0252902815333227
200,1_3_1,4,1,CIBERSORTx_without_B_mode,0.256,0.721284703320631,588,512,652,624,528,685,0.375,0.2725,0.3985,0.0408890155292777,0.0136372491720242,0.0338323353293413
200,1_3_1,4,1,CIBERSORTx_without_B_mode_without_RIN,0.2535,0.688766114180479,500,507,587,510,518,601,0.345,0.2695,0.3695,0.0247898561048582,0.0118838885641925,0.019311377245509
200,1_3_1,4,1,TOAST_with_RIN,0.25,0.0654205607476636,0,500,0,0,535,0,0.0375,0.3915,0.045,0.03875,0.04225,0.039375
200,1_3_1,4,1,TOAST_without_RIN,0.2275,0.157407407407407,0,455,0,0,540,0,0.1995,0.3705,0.0525,0.1985,0.105625,0.0405
200,1_3_1,4,1,TOAST_TPM_with_RIN,0.2625,0.0608228980322003,0,525,0,0,559,0,0.045,0.4045,0.046,0.044625,0.04425,0.04425
200,1_3_1,4,1,TOAST_TPM_without_RIN,0.2425,0.206219312602291,3,485,0,6,605,0,0.184,0.3805,0.0525,0.185625,0.11425,0.05
200,1_3_1,4,1,csSAM,0.117,0.130111524163569,0,234,0,0,269,0,NA,NA,NA,NA,NA,NA
200,4_1_1,1,1,CARseq_with_RIN,0.926,0.0772296960637768,1852,0,0,2007,0,0,0.9485,0.031,0.037,0.047,0.040625,0.047875
200,4_1_1,1,1,CARseq_without_RIN,0.8895,0.040453074433657,1779,0,0,1854,0,0,0.933,0.0275,0.0435,0.031503937992249,0.0290036254531816,0.0452556569571196
200,4_1_1,1,1,CIBERSORTx_with_B_mode,0.846,0.424489795918367,1692,221,783,1812,226,902,0.846,0.113,0.392,0.0401694649301742,0.0179720434879077,0.0618742819629083
200,4_1_1,1,1,CIBERSORTx_with_B_mode_without_RIN,0.846,0.409836065573771,1692,219,779,1796,224,847,0.846,0.112,0.392,0.0345206339243684,0.0179720434879077,0.0438207779419005
200,4_1_1,1,1,CIBERSORTx_without_B_mode,0.9165,0.41344,1833,214,815,1970,221,934,0.9165,0.1085,0.408,0.0436198838691403,0.0151578947368421,0.0567718556545372
200,4_1_1,1,1,CIBERSORTx_without_B_mode_without_RIN,0.9165,0.399606943989518,1833,210,812,1956,214,883,0.9165,0.1085,0.408,0.0363971108908087,0.0145263157894737,0.0436358145855353
200,4_1_1,1,1,TOAST_with_RIN,0.843,0.0695364238410596,1686,0,0,1812,0,0,0.884,0.0245,0.055,0.044625,0.035625,0.045625
200,4_1_1,1,1,TOAST_without_RIN,0.8035,0.0468564650059312,1607,0,0,1686,0,0,0.865,0.018,0.028,0.028625,0.02625,0.02675
200,4_1_1,1,1,TOAST_TPM_with_RIN,0.852,0.0823909531502424,1704,0,0,1857,0,0,0.898,0.05,0.08,0.044,0.043625,0.050625
200,4_1_1,1,1,TOAST_TPM_without_RIN,0.8115,0.0430424528301887,1623,0,0,1696,0,0,0.8765,0.0435,0.056,0.026875,0.04025,0.0435
200,4_1_1,1,1,csSAM,0.639,0.0310841546626232,1278,1,0,1318,1,0,NA,NA,NA,NA,NA,NA
200,4_4_1,2,1,CARseq_with_RIN,0.56275,0.0748047677764078,1781,470,0,1940,493,0,0.9275,0.37,0.033,0.049375,0.039,0.0475
200,4_4_1,2,1,CARseq_without_RIN,0.51775,0.043859649122807,1740,331,0,1829,337,0,0.9125,0.2945,0.036,0.0347673836918459,0.0226363181590795,0.0361430715357679
200,4_4_1,2,1,CIBERSORTx_with_B_mode,0.5585,0.211158192090395,1724,510,431,1857,518,457,0.862,0.255,0.2155,0.0386228844206567,0.00971628449280995,0.037306804050453
200,4_4_1,2,1,CIBERSORTx_with_B_mode_without_RIN,0.5585,0.190872872147773,1724,510,431,1800,518,443,0.862,0.255,0.2155,0.0257485896137712,0.00835600466381656,0.0259371113874578
200,4_4_1,2,1,CIBERSORTx_without_B_mode,0.5785,0.20807665982204,1838,476,443,1977,479,466,0.919,0.238,0.2215,0.0412302797295506,0.00976958525345622,0.0342229199372057
200,4_4_1,2,1,CIBERSORTx_without_B_mode_without_RIN,0.5785,0.189492119089317,1838,476,441,1921,479,455,0.919,0.238,0.2215,0.0259843563568872,0.00774193548387097,0.0230769230769231
200,4_4_1,2,1,TOAST_with_RIN,0.48575,0.0549610894941635,1715,228,0,1819,237,0,0.8985,0.24,0.0305,0.038375,0.037875,0.04525
200,4_4_1,2,1,TOAST_without_RIN,0.4565,0.0414698162729659,1654,172,0,1732,173,0,0.8805,0.2085,0.033,0.03125,0.02125,0.0465
200,4_4_1,2,1,TOAST_TPM_with_RIN,0.516,0.0719424460431655,1659,405,0,1791,433,0,0.8825,0.3395,0.0545,0.046,0.048875,0.05275
200,4_4_1,2,1,TOAST_TPM_without_RIN,0.487,0.0455658990690838,1605,343,0,1684,355,2,0.864,0.306,0.056,0.036,0.034625,0.052875
200,4_4_1,2,1,csSAM,0.39575,0.0376899696048633,1310,273,0,1359,286,0,NA,NA,NA,NA,NA,NA
200,4_0.25_1,3,1,CARseq_with_RIN,0.4735,0.0801359883438563,1837,57,0,1998,61,0,0.939,0.1085,0.0405,0.05,0.042125,0.0475
200,4_0.25_1,3,1,CARseq_without_RIN,0.4355,0.117974683544304,1726,16,0,1959,16,0,0.901,0.077,0.106,0.0794147073536768,0.0236368184092046,0.135942971485743
200,4_0.25_1,3,1,CIBERSORTx_with_B_mode,0.47525,0.247128712871287,1825,76,484,1944,80,501,0.9145,0.0405,0.244,0.0412894375857339,0.0149686141960406,0.0245268443414446
200,4_0.25_1,3,1,CIBERSORTx_with_B_mode_without_RIN,0.47425,0.246923382294561,1821,76,482,1942,79,498,0.913,0.04,0.243,0.0377229080932785,0.0176243360695316,0.0231749710312862
200,4_0.25_1,3,1,CIBERSORTx_without_B_mode,0.4875,0.225883287018658,1884,66,431,2011,66,442,0.944,0.036,0.219,0.0427730542838457,0.0128921357971637,0.0197832444520901
200,4_0.25_1,3,1,CIBERSORTx_without_B_mode_without_RIN,0.4865,0.222843450479233,1880,66,431,1996,67,441,0.943,0.036,0.2175,0.0383257030739045,0.0133218736570692,0.021331498365732
200,4_0.25_1,3,1,TOAST_with_RIN,0.44375,0.0812629399585921,1750,25,0,1906,26,0,0.908,0.0915,0.046,0.050875,0.046375,0.048125
200,4_0.25_1,3,1,TOAST_without_RIN,0.416,0.101026472177202,1652,12,0,1838,13,0,0.8645,0.0675,0.11,0.071125,0.028875,0.13375
200,4_0.25_1,3,1,TOAST_TPM_with_RIN,0.438,0.0590762620837809,1711,41,0,1815,47,0,0.9,0.106,0.053,0.042125,0.052375,0.0435
200,4_0.25_1,3,1,TOAST_TPM_without_RIN,0.40925,0.055395268320831,1622,15,0,1717,16,0,0.873,0.0805,0.092,0.03825,0.031875,0.090625
200,4_0.25_1,3,1,csSAM,0.33675,0.0433238636363636,1344,3,0,1404,3,1,NA,NA,NA,NA,NA,NA
200,1_4_1,4,1,CARseq_with_RIN,0.5095,0.0659945004582951,0,1019,0,0,1091,0,0.051,0.5995,0.044,0.048375,0.04325,0.046875
200,1_4_1,4,1,CARseq_without_RIN,0.4335,0.0503833515881709,0,867,0,0,913,0,0.0335,0.559,0.041,0.0293896948474237,0.0382691345672836,0.044272136068034
200,1_4_1,4,1,CIBERSORTx_with_B_mode,0.4065,0.587937151545869,632,813,448,669,833,471,0.371,0.4105,0.2665,0.0384451089278086,0.0237825594563986,0.03271117952665
200,1_4_1,4,1,CIBERSORTx_with_B_mode_without_RIN,0.4005,0.552513966480447,549,801,408,564,813,413,0.3465,0.4095,0.2525,0.0250605154492382,0.0135900339750849,0.0227054069655571
200,1_4_1,4,1,CIBERSORTx_without_B_mode,0.4235,0.61983842010772,738,847,549,785,865,578,0.431,0.4305,0.313,0.0393533854511727,0.0153374233128834,0.0293972737723764
200,1_4_1,4,1,CIBERSORTx_without_B_mode_without_RIN,0.4205,0.584896347482725,656,841,494,672,850,504,0.4055,0.4295,0.3,0.0251755664502451,0.00894683026584867,0.0193792084086057
200,1_4_1,4,1,TOAST_with_RIN,0.4195,0.078021978021978,0,839,0,0,910,0,0.041,0.5395,0.0425,0.0395,0.05325,0.045125
200,1_4_1,4,1,TOAST_without_RIN,0.3645,0.0713375796178344,0,729,0,0,785,0,0.0295,0.4985,0.051,0.0285,0.053375,0.049625
200,1_4_1,4,1,TOAST_TPM_with_RIN,0.459,0.0783132530120482,0,918,0,0,996,0,0.0505,0.5685,0.045,0.0425,0.04925,0.047125
200,1_4_1,4,1,TOAST_TPM_without_RIN,0.389,0.0592503022974608,0,778,0,0,827,0,0.0295,0.519,0.0385,0.02725,0.0415,0.037125
200,1_4_1,4,1,csSAM,0.2485,0.0273972602739726,0,497,0,0,511,0,NA,NA,NA,NA,NA,NA
