n,DE_pattern,DE_pattern_index,replicate,method,sensitivity,fdr,number_of_true_discoveries_ct1,number_of_true_discoveries_ct2,number_of_true_discoveries_ct3,number_of_true_discoveries_ct4,number_of_true_discoveries_ct5,number_of_true_discoveries_ct6,number_of_discoveries_ct1,number_of_discoveries_ct2,number_of_discoveries_ct3,number_of_discoveries_ct4,number_of_discoveries_ct5,number_of_discoveries_ct6,power_ct1,power_ct2,power_ct3,power_ct4,power_ct5,power_ct6,type_I_error_ct1,type_I_error_ct2,type_I_error_ct3,type_I_error_ct4,type_I_error_ct5,type_I_error_ct6
50,2_1_1,1,301,CARseq_with_RIN,0,1,0,0,0,0,0,0,0,0,0,1,0,0,0.037,0.1085,0.0385,0.0365,0.0365,0.038,0.037625,0.03625,0.040875,0.03775,0.0375,0.040125
50,2_1_1,1,301,CARseq_without_RIN,0,NA,0,0,0,0,0,0,0,0,0,0,0,0,0.0215,0.057,0.0205,0.0185,0.026,0.02,0.020125,0.016125,0.01825,0.019375,0.027125,0.022625
50,2_1_1,1,301,TOAST_TPM_with_RIN,0,NA,0,0,0,0,0,0,0,0,0,0,0,0,0.0555,0.1285,0.0585,0.0475,0.055,0.0415,0.049375,0.046625,0.049,0.04,0.039125,0.04575
50,2_1_1,1,301,TOAST_TPM_without_RIN,0,NA,0,0,0,0,0,0,0,0,0,0,0,0,0.0345,0.079,0.0255,0.0215,0.034,0.0215,0.032375,0.026125,0.021625,0.02125,0.030875,0.027
50,2_1_1,1,301,csSAM,0.001,0,0,2,0,0,0,0,0,2,0,0,0,0,NA,NA,NA,NA,NA,NA,NA,NA,NA,NA,NA,NA
50,2_1_1,1,302,CARseq_with_RIN,0.0155,0.114285714285714,0,31,0,0,0,0,0,34,0,1,0,0,0.0555,0.1875,0.0475,0.0335,0.038,0.041,0.06075,0.0455,0.04725,0.031,0.049375,0.050375
50,2_1_1,1,302,CARseq_without_RIN,5e-04,0,0,1,0,0,0,0,0,1,0,0,0,0,0.028,0.099,0.0385,0.0175,0.023,0.0165,0.0295,0.0225,0.032375,0.015875,0.0265,0.024375
50,2_1_1,1,302,TOAST_TPM_with_RIN,0.005,0.0909090909090909,0,10,0,0,0,0,0,11,0,0,0,0,0.04,0.1695,0.042,0.036,0.0465,0.0385,0.043375,0.037875,0.040625,0.03975,0.050125,0.04475
50,2_1_1,1,302,TOAST_TPM_without_RIN,0.001,0,0,2,0,0,0,0,0,2,0,0,0,0,0.015,0.106,0.028,0.018,0.0265,0.019,0.024625,0.02125,0.035625,0.023,0.031625,0.02425
50,2_1_1,1,302,csSAM,0.008,0.111111111111111,0,16,0,0,0,0,0,17,1,0,0,0,NA,NA,NA,NA,NA,NA,NA,NA,NA,NA,NA,NA
50,2_1_1,1,303,CARseq_with_RIN,0.009,0.0526315789473685,0,18,0,0,0,0,0,19,0,0,0,0,0.0545,0.173,0.051,0.0405,0.0445,0.0495,0.0531316414551819,0.0493811726465808,0.0421302662832854,0.038254781847731,0.0461307663457932,0.0472559069883735
50,2_1_1,1,303,CARseq_without_RIN,0,NA,0,0,0,0,0,0,0,0,0,0,0,0,0.027,0.0985,0.0265,0.0325,0.0385,0.0255,0.028125,0.0235,0.025,0.028125,0.049,0.026875
50,2_1_1,1,303,TOAST_TPM_with_RIN,0,NA,0,0,0,0,0,0,0,0,0,0,0,0,0.0425,0.119,0.038,0.05,0.041,0.0445,0.038625,0.0425,0.03975,0.051375,0.045375,0.045375
50,2_1_1,1,303,TOAST_TPM_without_RIN,5e-04,0,0,1,0,0,0,0,0,1,0,0,0,0,0.027,0.1155,0.0305,0.0285,0.045,0.0255,0.020375,0.02525,0.024875,0.02775,0.04025,0.026
50,2_1_1,1,303,csSAM,0.001,0.5,0,2,0,2,0,0,0,2,0,2,0,0,NA,NA,NA,NA,NA,NA,NA,NA,NA,NA,NA,NA
50,2_1_1,1,304,CARseq_with_RIN,0.004,0.2,0,8,0,0,1,0,0,8,0,0,2,0,0.045,0.1475,0.0505,0.0305,0.04,0.024,0.0486310788848606,0.0451306413301663,0.0491311413926741,0.0353794224278035,0.0407550943867983,0.0270033754219277
50,2_1_1,1,304,CARseq_without_RIN,5e-04,0,0,1,0,0,0,0,0,1,0,0,0,0,0.0295,0.119,0.0315,0.0475,0.032,0.027,0.032375,0.04825,0.0285,0.046375,0.037125,0.023625
50,2_1_1,1,304,TOAST_TPM_with_RIN,5e-04,0,0,1,0,0,0,0,0,1,0,0,0,0,0.045,0.1115,0.059,0.0485,0.05,0.0565,0.047875,0.046875,0.04575,0.042625,0.04825,0.05175
50,2_1_1,1,304,TOAST_TPM_without_RIN,0,NA,0,0,0,0,0,0,0,0,0,0,0,0,0.032,0.099,0.0355,0.0495,0.0445,0.06,0.031125,0.03225,0.0305,0.05075,0.050375,0.0635
50,2_1_1,1,304,csSAM,0.002,0.692307692307692,0,4,0,0,0,2,0,6,0,0,0,7,NA,NA,NA,NA,NA,NA,NA,NA,NA,NA,NA,NA
50,2_1_1,1,305,CARseq_with_RIN,0.013,0.103448275862069,1,26,0,0,0,0,1,28,0,0,0,0,0.0395,0.1795,0.039,0.0415,0.0445,0.0435,0.0462615653913478,0.0461365341335334,0.0421355338834709,0.0458864716179045,0.0467616904226057,0.0425106276569142
50,2_1_1,1,305,CARseq_without_RIN,0.002,0,0,4,0,0,0,0,0,4,0,0,0,0,0.0225,0.1085,0.0255,0.061,0.019,0.033,0.0195,0.02475,0.02975,0.060125,0.02625,0.02575
50,2_1_1,1,305,TOAST_TPM_with_RIN,0.001,0.5,0,2,0,0,0,1,1,2,0,0,0,1,0.052,0.1055,0.0325,0.0545,0.0395,0.033,0.0425,0.03025,0.038625,0.041875,0.04025,0.038125
50,2_1_1,1,305,TOAST_TPM_without_RIN,0,1,1,0,0,0,0,1,2,0,0,0,0,1,0.0225,0.0975,0.031,0.08,0.024,0.0275,0.01875,0.024,0.034125,0.0685,0.026625,0.0295
50,2_1_1,1,305,csSAM,0.0015,0.25,0,3,0,0,0,0,0,3,1,0,0,0,NA,NA,NA,NA,NA,NA,NA,NA,NA,NA,NA,NA
50,2_1_1,1,306,CARseq_with_RIN,0.011,0.12,0,22,0,0,0,0,0,25,0,0,0,0,0.051,0.162,0.044,0.0265,0.039,0.042,0.0485,0.042,0.0435,0.028625,0.0395,0.03375
50,2_1_1,1,306,CARseq_without_RIN,0,NA,0,0,0,0,0,0,0,0,0,0,0,0,0.0235,0.112,0.0235,0.0765,0.018,0.0205,0.0270033754219277,0.0286285785723215,0.0238779847480935,0.0743842980372547,0.0203775471933992,0.0180022502812852
50,2_1_1,1,306,TOAST_TPM_with_RIN,0.0025,0.166666666666667,0,5,0,0,0,0,0,6,0,0,0,0,0.056,0.1445,0.0665,0.0765,0.047,0.046,0.051,0.042125,0.054875,0.061625,0.05025,0.04375
50,2_1_1,1,306,TOAST_TPM_without_RIN,0,1,0,0,0,44,0,0,0,0,0,196,0,0,0.03,0.102,0.03,0.1465,0.039,0.027,0.03,0.02275,0.029,0.145875,0.0275,0.027125
50,2_1_1,1,306,csSAM,0,1,0,0,0,5,0,0,0,0,0,12,0,0,NA,NA,NA,NA,NA,NA,NA,NA,NA,NA,NA,NA
50,2_1_1,1,307,CARseq_with_RIN,0,1,3,0,0,1,0,0,3,0,0,2,0,0,0.0535,0.153,0.0495,0.036,0.032,0.0435,0.0513814226778347,0.0397549693711714,0.054506813351669,0.0388798599824978,0.0407550943867983,0.0485060632579072
50,2_1_1,1,307,CARseq_without_RIN,0,1,2,0,0,1,0,0,2,0,0,1,0,0,0.0445,0.0955,0.0375,0.024,0.0325,0.023,0.045125,0.021875,0.03475,0.03125,0.039,0.028625
50,2_1_1,1,307,TOAST_TPM_with_RIN,0,NA,0,0,0,0,0,0,0,0,0,0,0,0,0.053,0.1355,0.066,0.049,0.039,0.0395,0.04325,0.04925,0.05625,0.0485,0.047,0.043875
50,2_1_1,1,307,TOAST_TPM_without_RIN,0,NA,0,0,0,0,0,0,0,0,0,0,0,0,0.0525,0.0945,0.0415,0.0405,0.027,0.026,0.03825,0.026125,0.034625,0.03475,0.034375,0.0245
50,2_1_1,1,307,csSAM,0.0035,0,0,7,0,0,0,0,0,7,0,0,0,0,NA,NA,NA,NA,NA,NA,NA,NA,NA,NA,NA,NA
50,2_1_1,1,308,CARseq_with_RIN,0.01,0,0,20,0,0,0,0,0,20,0,0,0,0,0.04,0.1375,0.0455,0.0315,0.0335,0.041,0.0375046880860107,0.0332541567695962,0.047755969496187,0.0310038754844356,0.0413801725215652,0.038254781847731
50,2_1_1,1,308,CARseq_without_RIN,0.001,0,0,2,0,0,0,0,0,2,0,0,0,0,0.048,0.1465,0.0525,0.0695,0.054,0.027,0.048125,0.059875,0.049125,0.074125,0.060375,0.02775
50,2_1_1,1,308,TOAST_TPM_with_RIN,0.006,0.0769230769230769,0,12,0,0,0,0,0,13,0,0,0,0,0.052,0.1425,0.054,0.049,0.047,0.0505,0.04925,0.046125,0.048125,0.040625,0.043125,0.0455
50,2_1_1,1,308,TOAST_TPM_without_RIN,0.051,0.389221556886228,0,102,0,0,0,0,2,164,1,0,0,0,0.104,0.242,0.083,0.1205,0.0465,0.03,0.085375,0.14725,0.06675,0.112625,0.0495,0.031
50,2_1_1,1,308,csSAM,0.041,0.299145299145299,1,82,0,0,0,0,6,110,1,0,0,0,NA,NA,NA,NA,NA,NA,NA,NA,NA,NA,NA,NA
50,2_1_1,1,309,CARseq_with_RIN,0.02,0.0697674418604651,0,40,0,0,0,0,0,43,0,0,0,0,0.056,0.1765,0.05,0.047,0.04,0.0465,0.05075,0.05,0.048125,0.043,0.053125,0.043875
50,2_1_1,1,309,CARseq_without_RIN,0,NA,0,0,0,0,0,0,0,0,0,0,0,0,0.0535,0.1065,0.104,0.028,0.0285,0.0365,0.05675,0.02575,0.12675,0.029375,0.035375,0.0315
50,2_1_1,1,309,TOAST_TPM_with_RIN,0.0055,0.153846153846154,0,11,0,0,0,0,0,13,0,0,0,0,0.0565,0.1705,0.046,0.0535,0.0445,0.047,0.041125,0.047125,0.047875,0.047625,0.052625,0.046875
50,2_1_1,1,309,TOAST_TPM_without_RIN,0.001,0.6,0,2,1,0,0,0,0,2,3,0,0,0,0.05,0.1205,0.1665,0.0395,0.0285,0.032,0.055875,0.02775,0.1745,0.038125,0.031,0.03
50,2_1_1,1,309,csSAM,0.006,0.785714285714286,0,12,6,0,0,0,0,12,41,0,3,0,NA,NA,NA,NA,NA,NA,NA,NA,NA,NA,NA,NA
50,2_1_1,1,310,CARseq_with_RIN,5e-04,0,0,1,0,0,0,0,0,1,0,0,0,0,0.0395,0.1595,0.063,0.035,0.0385,0.057,0.0473809226153269,0.0428803600450056,0.0495061882735342,0.0351293911738967,0.0373796724590574,0.0381297662207776
50,2_1_1,1,310,CARseq_without_RIN,0,NA,0,0,0,0,0,0,0,0,0,0,0,0,0.023,0.101,0.0365,0.0245,0.0355,0.041,0.0253781722715339,0.0262532816602075,0.0308788598574822,0.0252531566445806,0.0333791723965496,0.024378047255907
50,2_1_1,1,310,TOAST_TPM_with_RIN,5e-04,0.5,0,1,0,0,0,1,0,1,0,0,0,1,0.048,0.1345,0.044,0.0645,0.056,0.0615,0.03725,0.045125,0.04475,0.05,0.04275,0.041875
50,2_1_1,1,310,TOAST_TPM_without_RIN,0.001,0.333333333333333,0,2,0,0,1,0,0,2,0,0,1,0,0.0205,0.1365,0.032,0.0345,0.0765,0.0335,0.0235,0.03275,0.028375,0.03125,0.0675,0.0285
50,2_1_1,1,310,csSAM,0.0015,0.25,0,3,0,0,0,0,0,3,0,0,1,0,NA,NA,NA,NA,NA,NA,NA,NA,NA,NA,NA,NA
50,3_1_1,1,301,CARseq_with_RIN,0.0035,0.125,0,7,0,0,0,0,0,7,0,1,0,0,0.0455,0.151,0.058,0.043,0.0465,0.0405,0.039,0.030625,0.04975,0.0385,0.046125,0.037875
50,3_1_1,1,301,CARseq_without_RIN,0.001,0,0,2,0,0,0,0,0,2,0,0,0,0,0.0375,0.0835,0.029,0.027,0.062,0.0305,0.031875,0.015625,0.026875,0.02275,0.056,0.027625
50,3_1_1,1,301,TOAST_TPM_with_RIN,0.003,0,0,6,0,0,0,0,0,6,0,0,0,0,0.055,0.1465,0.038,0.0435,0.0535,0.0435,0.04375,0.050375,0.045125,0.04725,0.043,0.04775
50,3_1_1,1,301,TOAST_TPM_without_RIN,0,1,0,0,0,0,0,0,0,0,1,0,0,0,0.0365,0.1055,0.0275,0.026,0.0475,0.0385,0.039625,0.0275,0.0255,0.029,0.042,0.035125
50,3_1_1,1,301,csSAM,0.01,0.2,0,20,0,0,1,0,0,23,0,0,2,0,NA,NA,NA,NA,NA,NA,NA,NA,NA,NA,NA,NA
50,3_1_1,1,302,CARseq_with_RIN,0.0635,0.0863309352517986,2,127,0,0,0,0,2,137,0,0,0,0,0.055,0.27,0.047,0.037,0.037,0.0465,0.051875,0.04325,0.04825,0.032375,0.043,0.046875
50,3_1_1,1,302,CARseq_without_RIN,0.0095,0,0,19,0,0,0,0,0,19,0,0,0,0,0.041,0.167,0.03,0.03,0.022,0.065,0.03225,0.018375,0.031625,0.02625,0.021625,0.072375
50,3_1_1,1,302,TOAST_TPM_with_RIN,0.0395,0.193877551020408,0,79,6,0,0,0,0,85,13,0,0,0,0.042,0.238,0.0705,0.055,0.0535,0.0415,0.043,0.039,0.069625,0.04525,0.047375,0.04325
50,3_1_1,1,302,TOAST_TPM_without_RIN,0.011,0,0,22,0,0,0,0,0,22,0,0,0,0,0.03,0.168,0.0325,0.0385,0.0205,0.0815,0.025375,0.021375,0.0305,0.028625,0.02425,0.081625
50,3_1_1,1,302,csSAM,0.0575,0.0573770491803278,0,115,0,0,0,0,0,122,0,0,0,0,NA,NA,NA,NA,NA,NA,NA,NA,NA,NA,NA,NA
50,3_1_1,1,303,CARseq_with_RIN,0.0605,0.0241935483870968,0,121,0,0,0,0,0,124,0,0,0,0,0.0505,0.264,0.049,0.0345,0.045,0.038,0.0553819227403425,0.0373796724590574,0.0468808601075134,0.0371296412051506,0.0482560320040005,0.0427553444180523
50,3_1_1,1,303,CARseq_without_RIN,0.012,0,0,24,0,0,0,0,0,24,0,0,0,0,0.0355,0.188,0.027,0.0245,0.0445,0.0265,0.029125,0.022,0.024625,0.029125,0.044375,0.023875
50,3_1_1,1,303,TOAST_TPM_with_RIN,0.019,0.136363636363636,0,38,0,1,0,0,0,43,0,1,0,0,0.059,0.22,0.0375,0.04,0.0445,0.0515,0.05025,0.0445,0.045125,0.042375,0.037375,0.047375
50,3_1_1,1,303,TOAST_TPM_without_RIN,0.012,0.04,0,24,0,1,0,0,0,24,0,1,0,0,0.029,0.213,0.026,0.0405,0.042,0.037,0.03325,0.028375,0.023625,0.04375,0.037625,0.026
50,3_1_1,1,303,csSAM,0.0355,0.0405405405405406,0,71,0,0,0,0,0,74,0,0,0,0,NA,NA,NA,NA,NA,NA,NA,NA,NA,NA,NA,NA
50,3_1_1,1,304,CARseq_with_RIN,0.0395,0.0246913580246914,0,79,0,0,0,0,0,81,0,0,0,0,0.053,0.2295,0.053,0.0415,0.05,0.036,0.0497624406101525,0.0332583145786447,0.0481370342585646,0.0421355338834709,0.0412603150787697,0.0352588147036759
50,3_1_1,1,304,CARseq_without_RIN,0.011,0.843971631205674,0,22,0,0,0,19,0,22,0,0,0,119,0.0265,0.2135,0.024,0.0225,0.0545,0.1575,0.025875,0.069375,0.024875,0.025375,0.0555,0.190625
50,3_1_1,1,304,TOAST_TPM_with_RIN,0.0125,0.0384615384615384,0,25,0,0,0,0,0,26,0,0,0,0,0.0715,0.201,0.045,0.048,0.0675,0.052,0.0675,0.06175,0.044625,0.047125,0.052375,0.04075
50,3_1_1,1,304,TOAST_TPM_without_RIN,0.046,0.948285553681844,0,92,0,0,0,313,0,124,0,0,0,1655,0.0285,0.288,0.032,0.032,0.077,0.293,0.027375,0.155125,0.024625,0.024875,0.078875,0.30125
50,3_1_1,1,304,csSAM,0.0435,0.670454545454545,0,87,0,0,0,44,0,101,0,0,0,163,NA,NA,NA,NA,NA,NA,NA,NA,NA,NA,NA,NA
50,3_1_1,1,305,CARseq_with_RIN,0.019,0.116279069767442,0,38,0,0,0,0,0,43,0,0,0,0,0.052,0.1865,0.069,0.036,0.038,0.037,0.0433804225528191,0.0330041255156895,0.048756094511814,0.039629953744218,0.0397549693711714,0.0365045630703838
50,3_1_1,1,305,CARseq_without_RIN,5e-04,0,0,1,0,0,0,0,0,1,0,0,0,0,0.031,0.124,0.0645,0.0205,0.026,0.026,0.0271283910488811,0.0230028753594199,0.0333791723965496,0.0238779847480935,0.0313789223652957,0.0248781097637205
50,3_1_1,1,305,TOAST_TPM_with_RIN,0.0035,0,0,7,0,0,0,0,0,7,0,0,0,0,0.039,0.1725,0.045,0.0475,0.0355,0.053,0.045,0.0435,0.046625,0.047125,0.043625,0.05775
50,3_1_1,1,305,TOAST_TPM_without_RIN,0.002,0.2,0,4,0,0,0,0,0,5,0,0,0,0,0.032,0.1655,0.064,0.03,0.0305,0.0335,0.037875,0.04925,0.040875,0.028,0.033375,0.02625
50,3_1_1,1,305,csSAM,0.029,0.0333333333333333,0,58,0,0,0,0,0,60,0,0,0,0,NA,NA,NA,NA,NA,NA,NA,NA,NA,NA,NA,NA
50,3_1_1,1,306,CARseq_with_RIN,0.028,0.0508474576271186,0,56,0,0,0,0,0,59,0,0,0,0,0.0605,0.222,0.0455,0.0355,0.046,0.033,0.0477738869434717,0.0356428214107053,0.044272136068034,0.0380190095047524,0.0403951975987994,0.034392196098049
50,3_1_1,1,306,CARseq_without_RIN,0.0015,0,0,3,0,0,0,0,0,3,0,0,0,0,0.0605,0.1415,0.025,0.0275,0.037,0.074,0.0348837209302326,0.018754688672168,0.0236309077269317,0.0300075018754689,0.032258064516129,0.0923980995248812
50,3_1_1,1,306,TOAST_TPM_with_RIN,0.0225,0.166666666666667,0,45,0,4,0,0,0,46,0,8,0,0,0.064,0.26,0.0425,0.0865,0.0535,0.0525,0.043625,0.0425,0.038,0.074625,0.047,0.046625
50,3_1_1,1,306,TOAST_TPM_without_RIN,0.0055,0.0833333333333334,0,11,0,0,0,0,0,11,0,0,0,1,0.091,0.205,0.028,0.0565,0.0715,0.164,0.042875,0.021625,0.02425,0.05725,0.075,0.166125
50,3_1_1,1,306,csSAM,0.022,0,0,44,0,0,0,0,0,44,0,0,0,0,NA,NA,NA,NA,NA,NA,NA,NA,NA,NA,NA,NA
50,3_1_1,1,307,CARseq_with_RIN,0.1155,0.076,0,231,0,0,0,0,1,249,0,0,0,0,0.0405,0.339,0.0445,0.0265,0.054,0.0445,0.0397549693711714,0.0425053131641455,0.0442555319414927,0.0305038129766221,0.051131391423928,0.0416302037754719
50,3_1_1,1,307,CARseq_without_RIN,0.0365,0.0394736842105263,0,73,0,0,0,0,1,75,0,0,0,0,0.089,0.2445,0.027,0.0235,0.0735,0.025,0.0955,0.025,0.0285,0.024375,0.076125,0.025375
50,3_1_1,1,307,TOAST_TPM_with_RIN,0.0155,0.0882352941176471,0,31,0,0,0,0,0,34,0,0,0,0,0.0555,0.2445,0.0515,0.0495,0.055,0.0525,0.048,0.05075,0.041875,0.045625,0.055125,0.057875
50,3_1_1,1,307,TOAST_TPM_without_RIN,0.02,0.607843137254902,0,40,0,0,12,0,0,42,0,0,60,0,0.102,0.2425,0.0325,0.037,0.113,0.037,0.098625,0.03525,0.03125,0.030125,0.127875,0.032
50,3_1_1,1,307,csSAM,0.037,0.075,0,74,0,0,0,0,0,80,0,0,0,0,NA,NA,NA,NA,NA,NA,NA,NA,NA,NA,NA,NA
50,3_1_1,1,308,CARseq_with_RIN,0.146,0.120481927710843,0,292,0,0,0,0,0,332,0,0,0,0,0.0465,0.3425,0.0455,0.0275,0.0415,0.043,0.0458807350918865,0.0456307038379797,0.0386298287285911,0.0340042505313164,0.0403800475059382,0.0478809851231404
50,3_1_1,1,308,CARseq_without_RIN,0.033,0.12,0,66,0,2,0,0,0,68,0,7,0,0,0.0415,0.229,0.056,0.1355,0.0225,0.066,0.044125,0.026375,0.042875,0.169625,0.02125,0.075125
50,3_1_1,1,308,TOAST_TPM_with_RIN,0.019,0.0952380952380952,0,38,0,0,0,0,0,42,0,0,0,0,0.0495,0.2465,0.05,0.044,0.053,0.0405,0.053,0.042625,0.047625,0.043625,0.042875,0.04975
50,3_1_1,1,308,TOAST_TPM_without_RIN,0.044,0.666666666666667,0,88,0,49,0,1,0,91,0,168,1,4,0.087,0.267,0.0645,0.187,0.041,0.07,0.070875,0.03175,0.046875,0.195625,0.03175,0.07375
50,3_1_1,1,308,csSAM,0.103,0.256317689530686,0,206,1,19,0,1,0,224,1,50,0,2,NA,NA,NA,NA,NA,NA,NA,NA,NA,NA,NA,NA
50,3_1_1,1,309,CARseq_with_RIN,0.0705,0.0600000000000001,0,141,0,0,0,0,0,150,0,0,0,0,0.058,0.287,0.0535,0.0405,0.0495,0.0495,0.0575,0.045,0.04375,0.0385,0.0515,0.043625
50,3_1_1,1,309,CARseq_without_RIN,0.0275,0,0,55,0,0,0,0,0,55,0,0,0,0,0.0535,0.249,0.024,0.0245,0.0245,0.0215,0.0481310163770471,0.060632579072384,0.0255031878984873,0.0187523440430054,0.026753344168021,0.0188773596699587
50,3_1_1,1,309,TOAST_TPM_with_RIN,0.054,0.0689655172413793,0,108,0,0,0,1,0,115,0,0,0,1,0.0365,0.303,0.049,0.0445,0.054,0.0405,0.037375,0.046625,0.0435,0.0495,0.048125,0.035
50,3_1_1,1,309,TOAST_TPM_without_RIN,0.031,0.0746268656716418,0,62,0,0,0,0,0,66,0,0,1,0,0.037,0.2785,0.0325,0.029,0.027,0.022,0.034,0.054625,0.030375,0.02975,0.029625,0.019
50,3_1_1,1,309,csSAM,0.0255,0.0727272727272728,0,51,0,0,0,0,0,54,0,0,1,0,NA,NA,NA,NA,NA,NA,NA,NA,NA,NA,NA,NA
50,3_1_1,1,310,CARseq_with_RIN,0.0955,0.115740740740741,2,191,1,0,1,0,2,209,1,0,4,0,0.0655,0.303,0.0565,0.046,0.045,0.05,0.05375,0.04475,0.053,0.0395,0.051625,0.047875
50,3_1_1,1,310,CARseq_without_RIN,0.022,0.0434782608695652,0,44,1,0,0,0,0,45,1,0,0,0,0.0385,0.207,0.106,0.039,0.043,0.0395,0.03275,0.0225,0.12625,0.030125,0.034625,0.0345
50,3_1_1,1,310,TOAST_TPM_with_RIN,0.0645,0.14,0,129,0,0,0,0,0,150,0,0,0,0,0.059,0.302,0.0575,0.0565,0.055,0.0475,0.051,0.055125,0.049875,0.045375,0.049875,0.045625
50,3_1_1,1,310,TOAST_TPM_without_RIN,0.0255,0.0192307692307693,0,51,0,0,0,0,0,52,0,0,0,0,0.03,0.2455,0.101,0.0405,0.034,0.0475,0.029375,0.02775,0.108,0.03425,0.02925,0.04325
50,3_1_1,1,310,csSAM,0.0485,0.0396039603960396,0,97,0,0,0,0,0,101,0,0,0,0,NA,NA,NA,NA,NA,NA,NA,NA,NA,NA,NA,NA
50,4_1_1,1,301,CARseq_with_RIN,0.092,0.0366492146596858,0,184,0,0,0,0,0,191,0,0,0,0,0.043,0.3025,0.0575,0.0385,0.039,0.053,0.046875,0.038,0.047375,0.039875,0.039375,0.04
50,4_1_1,1,301,CARseq_without_RIN,0.021,0.0454545454545454,0,42,0,0,0,0,0,42,2,0,0,0,0.0285,0.199,0.0675,0.0355,0.0305,0.053,0.025,0.01675,0.08475,0.025,0.025,0.047125
50,4_1_1,1,301,TOAST_TPM_with_RIN,0.039,0.0370370370370371,0,78,0,0,0,0,0,81,0,0,0,0,0.0405,0.2775,0.05,0.036,0.05,0.0595,0.052625,0.04675,0.05125,0.038625,0.046625,0.050875
50,4_1_1,1,301,TOAST_TPM_without_RIN,0.018,0.027027027027027,0,36,1,0,0,0,0,36,1,0,0,0,0.0305,0.2215,0.063,0.0275,0.0375,0.072,0.026125,0.025375,0.0505,0.028125,0.033625,0.0595
50,4_1_1,1,301,csSAM,0.0735,0.0328947368421053,0,147,0,0,0,0,0,151,0,0,0,1,NA,NA,NA,NA,NA,NA,NA,NA,NA,NA,NA,NA
50,4_1_1,1,302,CARseq_with_RIN,0.08,0.024390243902439,0,160,1,0,0,0,0,163,1,0,0,0,0.057,0.3,0.045,0.0455,0.058,0.047,0.0503812976622078,0.0371296412051506,0.050131266408301,0.0441305163145393,0.0492561570196275,0.0468808601075134
50,4_1_1,1,302,CARseq_without_RIN,0.041,0.0238095238095238,0,82,1,0,0,0,0,83,1,0,0,0,0.0905,0.251,0.0285,0.024,0.063,0.036,0.101262657832229,0.0282535316914614,0.0290036254531816,0.0270033754219277,0.0405050631328916,0.0330041255156895
50,4_1_1,1,302,TOAST_TPM_with_RIN,0.0535,0.0854700854700855,1,107,0,0,0,0,1,116,0,0,0,0,0.045,0.33,0.0425,0.051,0.0675,0.0595,0.043125,0.045875,0.046875,0.048,0.0475,0.046875
50,4_1_1,1,302,TOAST_TPM_without_RIN,0.0615,0.0681818181818182,1,123,1,0,0,0,1,130,1,0,0,0,0.1025,0.3605,0.0335,0.033,0.1035,0.0695,0.094,0.03325,0.0315,0.034375,0.06775,0.048625
50,4_1_1,1,302,csSAM,0.1385,0.0610169491525424,0,277,1,0,0,0,0,293,1,1,0,0,NA,NA,NA,NA,NA,NA,NA,NA,NA,NA,NA,NA
50,4_1_1,1,303,CARseq_with_RIN,0.2225,0.0805785123966942,0,445,0,0,0,0,0,484,0,0,0,0,0.048,0.432,0.04,0.032,0.0345,0.0315,0.0463807975997,0.0481310163770471,0.0445055631953994,0.0403800475059382,0.0468808601075134,0.0350043755469434
50,4_1_1,1,303,CARseq_without_RIN,0.0915,0.43343653250774,0,183,22,0,0,0,0,189,134,0,0,0,0.035,0.338,0.1375,0.0235,0.0565,0.0235,0.030125,0.027,0.18175,0.0325,0.06675,0.02775
50,4_1_1,1,303,TOAST_TPM_with_RIN,0.1405,0.0695364238410596,0,281,0,0,0,0,0,302,0,0,0,0,0.074,0.389,0.0385,0.0475,0.0425,0.0405,0.045125,0.041,0.040625,0.053375,0.048125,0.041875
50,4_1_1,1,303,TOAST_TPM_without_RIN,0.099,0.0388349514563107,0,198,0,0,0,0,0,205,1,0,0,0,0.045,0.337,0.1865,0.043,0.0585,0.0375,0.03075,0.024,0.207125,0.055,0.07125,0.03475
50,4_1_1,1,303,csSAM,0.138,0.0515463917525774,1,276,0,0,0,0,1,288,2,0,0,0,NA,NA,NA,NA,NA,NA,NA,NA,NA,NA,NA,NA
50,4_1_1,1,304,CARseq_with_RIN,0.085,0.0909090909090909,1,170,0,1,0,0,4,182,0,1,0,0,0.074,0.289,0.048,0.0265,0.05,0.04,0.0498812351543943,0.0392549068633579,0.0491311413926741,0.0357544693086636,0.0513814226778347,0.0365045630703838
50,4_1_1,1,304,CARseq_without_RIN,0.0065,0.0714285714285714,0,13,0,1,0,0,0,13,0,1,0,0,0.042,0.186,0.029,0.013,0.046,0.027,0.029,0.017875,0.025125,0.01825,0.0425,0.0265
50,4_1_1,1,304,TOAST_TPM_with_RIN,0.048,0.111111111111111,0,96,0,0,0,0,1,106,0,0,1,0,0.057,0.2765,0.038,0.044,0.051,0.0535,0.044125,0.054,0.0435,0.04525,0.043875,0.05325
50,4_1_1,1,304,TOAST_TPM_without_RIN,0.016,0.0303030303030303,0,32,0,0,0,0,0,33,0,0,0,0,0.0275,0.197,0.029,0.0265,0.0465,0.036,0.019875,0.023,0.02475,0.021125,0.0385,0.028125
50,4_1_1,1,304,csSAM,0.068,0.048951048951049,0,136,0,2,0,0,0,140,0,2,1,0,NA,NA,NA,NA,NA,NA,NA,NA,NA,NA,NA,NA
50,4_1_1,1,305,CARseq_with_RIN,0.1655,0.0754189944134078,0,331,0,0,0,0,1,357,0,0,0,0,0.066,0.404,0.048,0.037,0.04,0.0355,0.05475,0.049,0.045125,0.03975,0.041125,0.044875
50,4_1_1,1,305,CARseq_without_RIN,0.0465,0.0210526315789473,0,93,0,0,0,0,0,95,0,0,0,0,0.052,0.2915,0.0595,0.0225,0.022,0.02,0.0465,0.031,0.07,0.026125,0.022,0.024875
50,4_1_1,1,305,TOAST_TPM_with_RIN,0.0795,0.0755813953488372,0,159,1,0,0,0,1,170,1,0,0,0,0.056,0.334,0.0395,0.048,0.0465,0.0545,0.051625,0.04225,0.04625,0.046625,0.03875,0.054
50,4_1_1,1,305,TOAST_TPM_without_RIN,0.053,0.045045045045045,0,106,0,0,0,0,0,111,0,0,0,0,0.04,0.3335,0.0715,0.036,0.0275,0.038,0.033875,0.03425,0.0805,0.037375,0.022,0.03025
50,4_1_1,1,305,csSAM,0.0925,0.0364583333333334,0,185,0,0,2,0,0,190,0,0,2,0,NA,NA,NA,NA,NA,NA,NA,NA,NA,NA,NA,NA
50,4_1_1,1,306,CARseq_with_RIN,0.115,0.0534979423868313,0,230,0,0,0,0,1,241,1,0,0,0,0.0475,0.3325,0.046,0.033,0.042,0.0415,0.042125,0.037875,0.041625,0.035125,0.04325,0.047875
50,4_1_1,1,306,CARseq_without_RIN,0.071,0.144578313253012,5,142,0,0,0,0,7,153,6,0,0,0,0.122,0.283,0.0955,0.033,0.035,0.064,0.115625,0.05875,0.104125,0.028375,0.028875,0.04325
50,4_1_1,1,306,TOAST_TPM_with_RIN,0.0395,0.131868131868132,0,79,0,0,0,1,0,89,1,0,0,1,0.051,0.259,0.0415,0.052,0.0605,0.076,0.047625,0.045125,0.043125,0.042,0.049625,0.04825
50,4_1_1,1,306,TOAST_TPM_without_RIN,0.096,0.142857142857143,4,192,0,0,0,0,16,206,2,0,0,0,0.1615,0.311,0.0895,0.0555,0.0585,0.1035,0.153375,0.08175,0.095875,0.034125,0.044125,0.0675
50,4_1_1,1,306,csSAM,0.1115,0.108,0,223,2,0,0,0,0,246,4,0,0,0,NA,NA,NA,NA,NA,NA,NA,NA,NA,NA,NA,NA
50,4_1_1,1,307,CARseq_with_RIN,0.2535,0.0748175182481752,0,507,0,0,0,0,0,548,0,0,0,0,0.0655,0.4505,0.054,0.0335,0.0535,0.0385,0.0557709140927848,0.0462673502563461,0.0466424909341003,0.0408903338752032,0.0506439914968113,0.0402650994122796
50,4_1_1,1,307,CARseq_without_RIN,0.1315,0.0259259259259259,0,263,0,0,0,0,0,270,0,0,0,0,0.047,0.321,0.1355,0.027,0.0345,0.0445,0.032504063007876,0.0250031253906738,0.155519439929991,0.0227528441055132,0.033879234904363,0.053506688336042
50,4_1_1,1,307,TOAST_TPM_with_RIN,0.071,0.0469798657718121,0,142,0,0,0,0,1,148,0,0,0,0,0.0595,0.2625,0.053,0.0905,0.0405,0.0565,0.04,0.03775,0.034875,0.0505,0.037125,0.040125
50,4_1_1,1,307,TOAST_TPM_without_RIN,0.075,0.0196078431372549,0,150,0,0,0,0,0,153,0,0,0,0,0.0365,0.247,0.22,0.034,0.035,0.079,0.026125,0.021125,0.238125,0.025375,0.033875,0.097875
50,4_1_1,1,307,csSAM,0.098,0.0485436893203883,0,196,3,0,0,0,0,198,8,0,0,0,NA,NA,NA,NA,NA,NA,NA,NA,NA,NA,NA,NA
50,4_1_1,1,308,CARseq_with_RIN,0.2025,0.0668202764976958,0,405,0,0,0,0,0,434,0,0,0,0,0.0685,0.4205,0.043,0.041,0.038,0.044,0.052875,0.04525,0.048375,0.035,0.042125,0.044375
50,4_1_1,1,308,CARseq_without_RIN,0.107,0.0530973451327433,0,214,0,0,0,0,0,226,0,0,0,0,0.0525,0.323,0.023,0.024,0.0485,0.0275,0.043125,0.054375,0.026875,0.017375,0.0395,0.030625
50,4_1_1,1,308,TOAST_TPM_with_RIN,0.0815,0.0467836257309941,0,163,0,0,0,0,0,171,0,0,0,0,0.0595,0.3375,0.056,0.046,0.0715,0.0575,0.0405,0.0455,0.049,0.042875,0.0435,0.037
50,4_1_1,1,308,TOAST_TPM_without_RIN,0.1345,0.0973154362416108,0,269,0,0,0,0,0,298,0,0,0,0,0.044,0.387,0.0365,0.026,0.06,0.044,0.042,0.089375,0.03225,0.024875,0.0545,0.035875
50,4_1_1,1,308,csSAM,0.1295,0.0848056537102474,2,259,0,0,0,0,3,280,0,0,0,0,NA,NA,NA,NA,NA,NA,NA,NA,NA,NA,NA,NA
50,4_1_1,1,309,CARseq_with_RIN,0.177,0.078125,0,354,0,0,0,0,0,384,0,0,0,0,0.046,0.389,0.0425,0.0295,0.048,0.0465,0.04425,0.04525,0.0475,0.029,0.047625,0.040875
50,4_1_1,1,309,CARseq_without_RIN,0.055,0.0350877192982456,0,110,0,0,0,0,1,113,0,0,0,0,0.0625,0.2655,0.02,0.019,0.05,0.034,0.075375,0.025,0.023875,0.0155,0.035875,0.028625
50,4_1_1,1,309,TOAST_TPM_with_RIN,0.0775,0.049079754601227,0,155,0,1,0,0,0,161,0,2,0,0,0.0595,0.273,0.0575,0.0625,0.048,0.058,0.060875,0.041375,0.053375,0.06125,0.039125,0.062375
50,4_1_1,1,309,TOAST_TPM_without_RIN,0.062,0.0236220472440944,1,124,0,0,0,0,2,125,0,0,0,0,0.084,0.2565,0.0245,0.043,0.037,0.042,0.09025,0.028125,0.02125,0.025,0.029875,0.026625
50,4_1_1,1,309,csSAM,0.0865,0.0170454545454546,1,173,0,0,0,0,1,175,0,0,0,0,NA,NA,NA,NA,NA,NA,NA,NA,NA,NA,NA,NA
50,4_1_1,1,310,CARseq_with_RIN,0.083,0.0404624277456648,0,166,0,0,0,0,0,171,0,0,0,2,0.037,0.3015,0.055,0.029,0.048,0.0415,0.0417604401100275,0.0355088772193048,0.0548887221805451,0.0343835958989747,0.0403850962740685,0.0450112528132033
50,4_1_1,1,310,CARseq_without_RIN,0.0085,0.105263157894737,0,17,0,1,0,0,0,17,0,2,0,0,0.0285,0.186,0.034,0.099,0.0545,0.038,0.022,0.01975,0.031375,0.145625,0.041,0.036625
50,4_1_1,1,310,TOAST_TPM_with_RIN,0.0665,0.0827586206896552,0,133,0,0,0,0,0,145,0,0,0,0,0.049,0.337,0.0385,0.0725,0.049,0.074,0.0425,0.046125,0.045125,0.04275,0.045375,0.049375
50,4_1_1,1,310,TOAST_TPM_without_RIN,0.0295,0.969142259414226,0,59,0,338,0,0,0,63,0,1849,0,0,0.032,0.2625,0.031,0.284,0.03,0.0845,0.0295,0.03475,0.03125,0.300625,0.027375,0.074125
50,4_1_1,1,310,csSAM,0.092,0.0980392156862745,0,184,0,0,0,0,0,204,0,0,0,0,NA,NA,NA,NA,NA,NA,NA,NA,NA,NA,NA,NA
100,2_1_1,1,301,CARseq_with_RIN,0.0755,0.0443037974683544,0,151,0,0,0,0,0,158,0,0,0,0,0.0555,0.2715,0.043,0.0305,0.04,0.036,0.05325,0.043125,0.04325,0.0295,0.039125,0.043375
100,2_1_1,1,301,CARseq_without_RIN,0.0225,0.1,2,45,0,0,0,0,3,47,0,0,0,0,0.1565,0.1985,0.0265,0.0395,0.0365,0.0305,0.17325,0.0295,0.025375,0.049,0.04125,0.029
100,2_1_1,1,301,TOAST_TPM_with_RIN,0.0575,0.0336134453781513,0,115,0,0,0,0,0,119,0,0,0,0,0.0495,0.2775,0.0445,0.0455,0.0425,0.057,0.045875,0.038375,0.03975,0.05225,0.042625,0.05575
100,2_1_1,1,301,TOAST_TPM_without_RIN,0.041,0.467532467532468,16,82,0,0,0,0,70,84,0,0,0,0,0.221,0.2385,0.0305,0.0885,0.0315,0.042,0.22275,0.028875,0.024625,0.09225,0.038875,0.035375
100,2_1_1,1,301,csSAM,0.0445,0.0111111111111111,1,89,0,0,0,0,1,89,0,0,0,0,NA,NA,NA,NA,NA,NA,NA,NA,NA,NA,NA,NA
100,2_1_1,1,302,CARseq_with_RIN,0.053,0.045045045045045,0,106,0,0,0,0,0,110,0,0,1,0,0.0515,0.2635,0.0455,0.0305,0.038,0.0375,0.052125,0.04075,0.0485,0.0325,0.04125,0.036
100,2_1_1,1,302,CARseq_without_RIN,0.0055,0,0,11,0,0,0,0,0,11,0,0,0,0,0.0295,0.196,0.0335,0.0235,0.0235,0.0265,0.0265,0.02525,0.036625,0.021125,0.025,0.026
100,2_1_1,1,302,TOAST_TPM_with_RIN,0.076,0.0898203592814372,0,152,0,0,0,0,0,166,0,0,1,0,0.052,0.3065,0.0395,0.044,0.054,0.0485,0.048875,0.049875,0.045125,0.046375,0.04875,0.04125
100,2_1_1,1,302,TOAST_TPM_without_RIN,0.019,0.0256410256410257,0,38,0,0,0,0,0,39,0,0,0,0,0.0305,0.2395,0.0325,0.03,0.0335,0.0345,0.026875,0.033875,0.02725,0.027625,0.032125,0.031375
100,2_1_1,1,302,csSAM,0.022,0.0222222222222223,0,44,0,0,0,0,0,45,0,0,0,0,NA,NA,NA,NA,NA,NA,NA,NA,NA,NA,NA,NA
100,2_1_1,1,303,CARseq_with_RIN,0.0895,0.0773195876288659,0,179,0,0,0,0,0,194,0,0,0,0,0.0585,0.304,0.0425,0.0365,0.046,0.04,0.0526315789473684,0.0468808601075134,0.0413801725215652,0.0351293911738967,0.0390048756094512,0.0413801725215652
100,2_1_1,1,303,CARseq_without_RIN,0.023,0,0,46,0,0,0,0,0,46,0,0,0,0,0.04,0.224,0.026,0.026,0.0295,0.0305,0.0360045005625703,0.0380047505938242,0.0217527190898862,0.0237529691211401,0.0217527190898862,0.0263782972871609
100,2_1_1,1,303,TOAST_TPM_with_RIN,0.1065,0.10126582278481,0,213,0,0,0,0,0,237,0,0,0,0,0.049,0.329,0.0535,0.0425,0.0565,0.049,0.049375,0.053,0.042875,0.056875,0.046625,0.054125
100,2_1_1,1,303,TOAST_TPM_without_RIN,0.0425,0.0340909090909091,0,85,0,0,0,0,0,88,0,0,0,0,0.033,0.273,0.0295,0.029,0.053,0.041,0.0305,0.042,0.024125,0.037,0.04,0.042875
100,2_1_1,1,303,csSAM,0.0315,0.015625,0,63,0,0,0,0,0,64,0,0,0,0,NA,NA,NA,NA,NA,NA,NA,NA,NA,NA,NA,NA
100,2_1_1,1,304,CARseq_with_RIN,0.082,0.0574712643678161,0,164,1,0,0,0,0,173,1,0,0,0,0.0505,0.301,0.0465,0.031,0.0465,0.044,0.045,0.04525,0.046,0.0365,0.04125,0.041125
100,2_1_1,1,304,CARseq_without_RIN,0.0415,0.0348837209302325,0,83,0,0,0,0,0,86,0,0,0,0,0.0345,0.2325,0.0615,0.08,0.0475,0.035,0.035879484935617,0.0478809851231404,0.0717589698712339,0.0932616577072134,0.0397549693711714,0.0298787348418552
100,2_1_1,1,304,TOAST_TPM_with_RIN,0.1015,0.0688073394495413,0,203,0,0,0,0,0,218,0,0,0,0,0.0575,0.316,0.046,0.0475,0.056,0.0585,0.054,0.042875,0.0465,0.04525,0.048125,0.038625
100,2_1_1,1,304,TOAST_TPM_without_RIN,0.05,0.0990990990990991,0,100,0,2,0,0,0,107,0,4,0,0,0.0325,0.2605,0.0815,0.1355,0.0415,0.0355,0.033375,0.044625,0.08875,0.126875,0.036125,0.032125
100,2_1_1,1,304,csSAM,0.0685,0.127388535031847,0,137,0,0,0,0,0,155,1,1,0,0,NA,NA,NA,NA,NA,NA,NA,NA,NA,NA,NA,NA
100,2_1_1,1,305,CARseq_with_RIN,0.0855,0.0706521739130435,0,171,0,0,0,0,0,184,0,0,0,0,0.049,0.3175,0.046,0.0285,0.048,0.039,0.047125,0.04325,0.043875,0.037625,0.047625,0.044625
100,2_1_1,1,305,CARseq_without_RIN,0.0235,0.0408163265306123,0,47,0,0,0,0,0,49,0,0,0,0,0.0245,0.2215,0.022,0.0115,0.0445,0.031,0.026625,0.02725,0.0245,0.0165,0.039625,0.037125
100,2_1_1,1,305,TOAST_TPM_with_RIN,0.0735,0.0754716981132075,0,147,0,0,0,0,0,159,0,0,0,0,0.0475,0.325,0.0415,0.045,0.0615,0.0435,0.046625,0.042625,0.045625,0.046875,0.053375,0.04675
100,2_1_1,1,305,TOAST_TPM_without_RIN,0.024,0.0204081632653061,0,48,0,0,0,0,0,49,0,0,0,0,0.026,0.2345,0.029,0.025,0.05,0.0355,0.029,0.024875,0.025875,0.027,0.0425,0.0335
100,2_1_1,1,305,csSAM,0.0405,0,0,81,0,0,0,0,0,81,0,0,0,0,NA,NA,NA,NA,NA,NA,NA,NA,NA,NA,NA,NA
100,2_1_1,1,306,CARseq_with_RIN,0.046,0.08,0,92,0,0,0,0,0,100,0,0,0,0,0.046,0.252,0.0455,0.0345,0.042,0.046,0.049625,0.04425,0.049625,0.032,0.044875,0.037625
100,2_1_1,1,306,CARseq_without_RIN,0.013,0,0,26,0,0,0,0,0,26,0,0,0,0,0.028,0.185,0.029,0.0535,0.039,0.0515,0.031375,0.031625,0.0275,0.05125,0.039375,0.045375
100,2_1_1,1,306,TOAST_TPM_with_RIN,0.041,0.0574712643678161,0,82,0,0,0,0,0,87,0,0,0,0,0.042,0.2585,0.0515,0.0435,0.0455,0.044,0.043625,0.043,0.052875,0.03925,0.0395,0.04425
100,2_1_1,1,306,TOAST_TPM_without_RIN,0.0375,0.0384615384615384,0,75,0,0,0,0,0,78,0,0,0,0,0.0335,0.246,0.0255,0.074,0.0485,0.062,0.026625,0.046,0.03025,0.069125,0.046,0.061375
100,2_1_1,1,306,csSAM,0.0375,0.0131578947368421,0,75,0,0,0,0,1,75,0,0,0,0,NA,NA,NA,NA,NA,NA,NA,NA,NA,NA,NA,NA
100,2_1_1,1,307,CARseq_with_RIN,0.045,0.0721649484536082,0,90,0,0,0,0,0,97,0,0,0,0,0.056,0.247,0.042,0.029,0.0375,0.0255,0.0485,0.044625,0.038125,0.035125,0.039375,0.03525
100,2_1_1,1,307,CARseq_without_RIN,0.01,0.0476190476190477,0,20,0,0,0,0,0,21,0,0,0,0,0.0385,0.189,0.053,0.0595,0.0245,0.0595,0.036375,0.038125,0.054875,0.07025,0.025,0.060375
100,2_1_1,1,307,TOAST_TPM_with_RIN,0.0495,0.0388349514563107,0,99,0,0,0,0,0,103,0,0,0,0,0.061,0.2705,0.05,0.0445,0.0375,0.0525,0.053625,0.04525,0.03775,0.043,0.043875,0.04825
100,2_1_1,1,307,TOAST_TPM_without_RIN,0.021,0.0232558139534884,0,42,0,0,0,0,0,43,0,0,0,0,0.045,0.232,0.0775,0.082,0.0265,0.088,0.04,0.04425,0.067375,0.07725,0.029625,0.081125
100,2_1_1,1,307,csSAM,0.047,0.121495327102804,0,94,0,0,0,2,0,101,0,0,1,5,NA,NA,NA,NA,NA,NA,NA,NA,NA,NA,NA,NA
100,2_1_1,1,308,CARseq_with_RIN,0.055,0.0517241379310345,0,110,0,0,0,0,0,116,0,0,0,0,0.0605,0.2695,0.0465,0.037,0.048,0.044,0.05325,0.044375,0.045875,0.038625,0.040125,0.039375
100,2_1_1,1,308,CARseq_without_RIN,0.009,0,0,18,0,0,0,0,0,18,0,0,0,0,0.037,0.1945,0.029,0.0305,0.0235,0.034,0.0305,0.025625,0.02825,0.0385,0.02375,0.027625
100,2_1_1,1,308,TOAST_TPM_with_RIN,0.026,0.0370370370370371,0,52,0,0,0,0,0,54,0,0,0,0,0.057,0.256,0.041,0.0465,0.035,0.048,0.04875,0.04675,0.042625,0.048,0.04125,0.04175
100,2_1_1,1,308,TOAST_TPM_without_RIN,0.0095,0,0,19,0,0,0,0,0,19,0,0,0,0,0.037,0.242,0.027,0.035,0.024,0.043,0.029625,0.029875,0.028625,0.04475,0.026,0.035625
100,2_1_1,1,308,csSAM,0.025,0,0,50,0,0,0,0,0,50,0,0,0,0,NA,NA,NA,NA,NA,NA,NA,NA,NA,NA,NA,NA
100,2_1_1,1,309,CARseq_with_RIN,0.064,0.0303030303030303,0,128,0,0,0,0,0,132,0,0,0,0,0.052,0.2845,0.0475,0.041,0.048,0.0305,0.0485,0.040375,0.046875,0.03925,0.03725,0.0375
100,2_1_1,1,309,CARseq_without_RIN,0.008,0,0,16,0,0,0,0,0,16,0,0,0,0,0.028,0.1855,0.0335,0.02,0.091,0.026,0.0275,0.01975,0.037,0.0185,0.086875,0.02825
100,2_1_1,1,309,TOAST_TPM_with_RIN,0.0565,0.0423728813559322,0,113,0,0,0,0,0,116,0,0,0,2,0.042,0.2825,0.044,0.0465,0.0605,0.031,0.038625,0.0355,0.045875,0.048125,0.050875,0.039625
100,2_1_1,1,309,TOAST_TPM_without_RIN,0.0255,0.0192307692307693,0,51,0,0,0,0,0,52,0,0,0,0,0.021,0.208,0.0285,0.0245,0.101,0.0315,0.023625,0.020375,0.030125,0.0245,0.08475,0.039
100,2_1_1,1,309,csSAM,0.0205,0,0,41,0,0,0,0,0,41,0,0,0,0,NA,NA,NA,NA,NA,NA,NA,NA,NA,NA,NA,NA
100,2_1_1,1,310,CARseq_with_RIN,0.065,0.0579710144927537,0,130,0,0,0,0,0,138,0,0,0,0,0.048,0.276,0.056,0.0355,0.041,0.038,0.05025,0.0515,0.04875,0.03725,0.04275,0.037625
100,2_1_1,1,310,CARseq_without_RIN,0.0175,0.0540540540540541,0,35,0,0,0,0,0,37,0,0,0,0,0.031,0.2095,0.055,0.017,0.0265,0.0375,0.0305,0.044125,0.04875,0.02125,0.033125,0.033375
100,2_1_1,1,310,TOAST_TPM_with_RIN,0.0405,0.0689655172413793,0,81,0,0,0,0,0,87,0,0,0,0,0.046,0.25,0.044,0.032,0.049,0.0605,0.04375,0.045375,0.04225,0.039875,0.048375,0.051875
100,2_1_1,1,310,TOAST_TPM_without_RIN,0.0255,0.0555555555555556,0,51,0,0,0,0,0,54,0,0,0,0,0.035,0.2275,0.0425,0.026,0.03,0.0445,0.028375,0.0415,0.042125,0.024,0.027125,0.037125
100,2_1_1,1,310,csSAM,0.023,0.0416666666666666,0,46,0,0,0,0,0,47,0,0,1,0,NA,NA,NA,NA,NA,NA,NA,NA,NA,NA,NA,NA
100,3_1_1,1,301,CARseq_with_RIN,0.268,0.0629370629370629,0,536,0,0,0,0,0,572,0,0,0,0,0.059,0.4385,0.0485,0.038,0.04,0.04,0.049625,0.042875,0.045,0.034125,0.039625,0.036
100,3_1_1,1,301,CARseq_without_RIN,0.1785,0.0678851174934726,0,357,0,0,0,0,0,383,0,0,0,0,0.044,0.367,0.0275,0.047,0.0225,0.0275,0.035375,0.0525,0.024125,0.0505,0.027,0.023375
100,3_1_1,1,301,TOAST_TPM_with_RIN,0.263,0.0899653979238755,0,526,0,1,0,0,0,577,0,1,0,0,0.047,0.4645,0.046,0.0595,0.0415,0.0515,0.044875,0.0475,0.045,0.049,0.046375,0.04225
100,3_1_1,1,301,TOAST_TPM_without_RIN,0.214,0.0854700854700855,0,428,0,0,0,0,0,468,0,0,0,0,0.035,0.4035,0.0235,0.0835,0.0285,0.0355,0.03,0.053375,0.02375,0.067875,0.028375,0.035875
100,3_1_1,1,301,csSAM,0.206,0.11587982832618,0,412,0,0,0,0,0,466,0,0,0,0,NA,NA,NA,NA,NA,NA,NA,NA,NA,NA,NA,NA
100,3_1_1,1,302,CARseq_with_RIN,0.2865,0.0667752442996743,0,573,0,0,0,0,0,614,0,0,0,0,0.0685,0.494,0.043,0.0335,0.0435,0.044,0.05525,0.043125,0.0475,0.033875,0.043625,0.040625
100,3_1_1,1,302,CARseq_without_RIN,0.1375,0.0484429065743944,0,275,0,0,0,0,0,289,0,0,0,0,0.046,0.3575,0.0305,0.017,0.0365,0.036,0.04175,0.02425,0.0305,0.019375,0.04,0.024375
100,3_1_1,1,302,TOAST_TPM_with_RIN,0.213,0.0779220779220779,0,426,0,0,0,0,0,462,0,0,0,0,0.0545,0.4235,0.0525,0.0475,0.041,0.069,0.049,0.04425,0.049625,0.052875,0.04,0.053
100,3_1_1,1,302,TOAST_TPM_without_RIN,0.153,0.04375,0,306,0,0,0,0,0,320,0,0,0,0,0.045,0.372,0.0305,0.0275,0.0335,0.042,0.043,0.028625,0.02875,0.028375,0.034,0.028875
100,3_1_1,1,302,csSAM,0.1845,0.0538461538461539,0,369,0,0,0,0,0,390,0,0,0,0,NA,NA,NA,NA,NA,NA,NA,NA,NA,NA,NA,NA
100,3_1_1,1,303,CARseq_with_RIN,0.298,0.0599369085173501,0,596,0,0,1,0,0,633,0,0,1,0,0.066,0.4765,0.04,0.041,0.043,0.0375,0.047125,0.04425,0.040375,0.038375,0.045125,0.038125
100,3_1_1,1,303,CARseq_without_RIN,0.124,0.0158730158730159,0,248,0,0,1,0,0,251,0,0,1,0,0.0395,0.3565,0.0475,0.0385,0.0505,0.028,0.026375,0.028375,0.041875,0.043875,0.04475,0.026875
100,3_1_1,1,303,TOAST_TPM_with_RIN,0.2845,0.0548172757475083,0,569,0,0,1,0,0,601,0,0,1,0,0.0655,0.491,0.0795,0.0455,0.0445,0.0365,0.042125,0.043625,0.044625,0.038625,0.053875,0.03475
100,3_1_1,1,303,TOAST_TPM_without_RIN,0.1925,0.0399002493765586,0,385,0,0,1,0,0,400,0,0,1,0,0.038,0.4455,0.0855,0.056,0.049,0.0505,0.023625,0.029875,0.0635,0.050625,0.0665,0.04725
100,3_1_1,1,303,csSAM,0.1685,0.0343839541547278,0,337,1,0,0,0,0,347,2,0,0,0,NA,NA,NA,NA,NA,NA,NA,NA,NA,NA,NA,NA
100,3_1_1,1,304,CARseq_with_RIN,0.268,0.0629370629370629,0,536,0,0,0,0,0,571,0,0,1,0,0.04,0.4755,0.063,0.032,0.046,0.0385,0.0421302662832854,0.0470058757344668,0.0483810476309539,0.0356294536817102,0.0401300162520315,0.0438804850606326
100,3_1_1,1,304,CARseq_without_RIN,0.145,0.0333333333333333,0,290,0,0,0,0,0,299,0,0,1,0,0.0295,0.371,0.0355,0.0335,0.035,0.0375,0.030375,0.038,0.027875,0.03075,0.034875,0.040375
100,3_1_1,1,304,TOAST_TPM_with_RIN,0.227,0.0600414078674948,0,454,0,0,0,0,0,483,0,0,0,0,0.0455,0.4675,0.04,0.068,0.0415,0.0515,0.046125,0.05025,0.046375,0.050625,0.0415,0.052875
100,3_1_1,1,304,TOAST_TPM_without_RIN,0.1585,0.0216049382716049,0,317,0,0,0,0,0,324,0,0,0,0,0.034,0.4085,0.03,0.0445,0.0335,0.0385,0.039875,0.037125,0.02775,0.03375,0.032875,0.035375
100,3_1_1,1,304,csSAM,0.139,0.0106761565836299,0,278,0,0,0,0,0,280,0,0,0,1,NA,NA,NA,NA,NA,NA,NA,NA,NA,NA,NA,NA
100,3_1_1,1,305,CARseq_with_RIN,0.265,0.0467625899280576,0,530,0,0,0,0,0,556,0,0,0,0,0.0515,0.4645,0.042,0.033,0.059,0.0355,0.05375,0.04175,0.048,0.035875,0.0435,0.03675
100,3_1_1,1,305,CARseq_without_RIN,0.14,0.024390243902439,0,280,0,0,0,0,0,287,0,0,0,0,0.0505,0.384,0.0435,0.013,0.0385,0.0175,0.04025,0.0285,0.044375,0.018125,0.024125,0.018375
100,3_1_1,1,305,TOAST_TPM_with_RIN,0.2455,0.0735849056603773,0,491,0,0,1,0,0,523,1,0,6,0,0.0465,0.4755,0.0405,0.0335,0.076,0.0345,0.047625,0.044625,0.04275,0.044,0.06725,0.041625
100,3_1_1,1,305,TOAST_TPM_without_RIN,0.1555,0.0341614906832298,0,311,0,0,0,0,0,322,0,0,0,0,0.0365,0.4045,0.042,0.0195,0.0375,0.024,0.035875,0.031875,0.042875,0.027,0.03425,0.02325
100,3_1_1,1,305,csSAM,0.176,0.032967032967033,1,352,0,0,0,0,1,363,0,0,0,0,NA,NA,NA,NA,NA,NA,NA,NA,NA,NA,NA,NA
100,3_1_1,1,306,CARseq_with_RIN,0.303,0.0560747663551402,0,606,0,0,0,0,0,640,2,0,0,0,0.048,0.4645,0.0575,0.0365,0.0475,0.0375,0.048875,0.044625,0.047,0.033125,0.046,0.0345
100,3_1_1,1,306,CARseq_without_RIN,0.1245,0.0119047619047619,0,249,0,0,0,0,0,252,0,0,0,0,0.0565,0.34,0.03,0.074,0.0315,0.0395,0.050625,0.02475,0.034625,0.085875,0.028625,0.039
100,3_1_1,1,306,TOAST_TPM_with_RIN,0.2405,0.0660194174757281,0,481,0,0,0,0,0,515,0,0,0,0,0.0535,0.4625,0.07,0.046,0.0535,0.0415,0.044875,0.04675,0.044375,0.049625,0.05,0.046375
100,3_1_1,1,306,TOAST_TPM_without_RIN,0.1595,0.0214723926380368,0,319,0,0,0,0,0,326,0,0,0,0,0.0435,0.385,0.0385,0.089,0.0335,0.051,0.044375,0.026,0.032125,0.092875,0.033625,0.05
100,3_1_1,1,306,csSAM,0.156,0.00636942675159236,0,312,0,0,0,0,0,313,0,1,0,0,NA,NA,NA,NA,NA,NA,NA,NA,NA,NA,NA,NA
100,3_1_1,1,307,CARseq_with_RIN,0.2965,0.0748829953198128,0,593,0,0,0,1,1,639,0,0,0,1,0.0555,0.4865,0.052,0.0315,0.04,0.039,0.052375,0.047125,0.045125,0.033125,0.03775,0.044625
100,3_1_1,1,307,CARseq_without_RIN,0.1565,0.0279503105590062,0,313,0,0,0,0,0,321,0,0,1,0,0.039,0.3645,0.043,0.017,0.0995,0.0485,0.034,0.028,0.03425,0.0175,0.123375,0.05075
100,3_1_1,1,307,TOAST_TPM_with_RIN,0.3085,0.06797583081571,0,617,0,0,0,0,0,662,0,0,0,0,0.051,0.518,0.0685,0.0355,0.0435,0.042,0.042625,0.04425,0.04375,0.0415,0.045875,0.04975
100,3_1_1,1,307,TOAST_TPM_without_RIN,0.1875,0.0284974093264249,0,375,0,0,0,0,0,385,0,0,1,0,0.031,0.428,0.0765,0.0245,0.164,0.074,0.024625,0.022,0.048,0.0235,0.18075,0.0725
100,3_1_1,1,307,csSAM,0.171,0.125319693094629,0,342,0,0,5,3,0,360,0,0,27,4,NA,NA,NA,NA,NA,NA,NA,NA,NA,NA,NA,NA
100,3_1_1,1,308,CARseq_with_RIN,0.22,0.055793991416309,0,440,0,0,1,0,0,465,0,0,1,0,0.057,0.4455,0.052,0.0375,0.047,0.0385,0.0452556569571196,0.0438804850606326,0.0510063757969746,0.0392549068633579,0.0472559069883735,0.0412551568946118
100,3_1_1,1,308,CARseq_without_RIN,0.0805,0,0,161,0,0,0,0,0,161,0,0,0,0,0.038,0.3215,0.0585,0.026,0.025,0.029,0.0281285160645081,0.025753219152394,0.0537567195899487,0.0292536567070884,0.0235029378672334,0.0237529691211401
100,3_1_1,1,308,TOAST_TPM_with_RIN,0.1945,0.0760095011876485,0,389,0,0,0,0,0,421,0,0,0,0,0.053,0.426,0.0465,0.048,0.0405,0.0645,0.0445,0.05175,0.04925,0.04325,0.043125,0.0535
100,3_1_1,1,308,TOAST_TPM_without_RIN,0.1125,0.0384615384615384,0,225,0,0,0,0,0,234,0,0,0,0,0.0305,0.349,0.057,0.0415,0.0235,0.04,0.02575,0.028875,0.05775,0.038625,0.023375,0.028875
100,3_1_1,1,308,csSAM,0.1335,0.0531914893617021,0,267,0,0,1,0,0,281,0,0,1,0,NA,NA,NA,NA,NA,NA,NA,NA,NA,NA,NA,NA
100,3_1_1,1,309,CARseq_with_RIN,0.269,0.0787671232876712,0,538,0,0,0,0,0,584,0,0,0,0,0.062,0.4605,0.0495,0.046,0.0475,0.0465,0.057,0.043625,0.04475,0.033875,0.043,0.039625
100,3_1_1,1,309,CARseq_without_RIN,0.1025,0.0238095238095238,0,205,0,0,0,0,0,210,0,0,0,0,0.0425,0.358,0.041,0.062,0.035,0.0385,0.038,0.025875,0.035625,0.039875,0.026,0.03675
100,3_1_1,1,309,TOAST_TPM_with_RIN,0.261,0.0491803278688525,0,522,0,0,0,0,0,549,0,0,0,0,0.0445,0.492,0.0495,0.055,0.038,0.0505,0.03975,0.040625,0.041,0.041625,0.035625,0.0435
100,3_1_1,1,309,TOAST_TPM_without_RIN,0.1525,0.0286624203821656,0,305,0,0,0,0,0,314,0,0,0,0,0.021,0.4035,0.0335,0.0545,0.0315,0.0425,0.022,0.024625,0.029125,0.050875,0.027875,0.040875
100,3_1_1,1,309,csSAM,0.149,0.0324675324675324,0,298,0,0,0,0,0,308,0,0,0,0,NA,NA,NA,NA,NA,NA,NA,NA,NA,NA,NA,NA
100,3_1_1,1,310,CARseq_with_RIN,0.275,0.0598290598290598,0,550,0,0,0,0,0,584,1,0,0,0,0.049,0.4735,0.0415,0.0435,0.0425,0.0455,0.050125,0.04225,0.045875,0.0365,0.0385,0.040375
100,3_1_1,1,310,CARseq_without_RIN,0.1345,0.0146520146520146,0,269,0,0,0,0,0,272,1,0,0,0,0.027,0.3375,0.037,0.0245,0.0445,0.078,0.02925,0.0245,0.029625,0.01875,0.024375,0.080125
100,3_1_1,1,310,TOAST_TPM_with_RIN,0.188,0.0600000000000001,0,376,0,0,0,0,0,399,0,1,0,0,0.036,0.394,0.0475,0.042,0.085,0.044,0.041,0.043125,0.042125,0.041375,0.04225,0.0445
100,3_1_1,1,310,TOAST_TPM_without_RIN,0.148,0.023102310231023,0,296,0,0,0,0,0,303,0,0,0,0,0.0295,0.3415,0.033,0.0235,0.043,0.128,0.032,0.0295,0.024875,0.022375,0.021625,0.1245
100,3_1_1,1,310,csSAM,0.1305,0.0333333333333333,0,261,0,0,0,0,0,270,0,0,0,0,NA,NA,NA,NA,NA,NA,NA,NA,NA,NA,NA,NA
100,4_1_1,1,301,CARseq_with_RIN,0.441,0.060702875399361,0,882,0,0,0,0,0,938,1,0,0,0,0.051,0.6035,0.051,0.029,0.035,0.036,0.051375,0.048875,0.047375,0.034375,0.04375,0.04225
100,4_1_1,1,301,CARseq_without_RIN,0.289,0.0616883116883117,0,578,0,0,0,2,0,613,1,0,0,2,0.032,0.495,0.041,0.013,0.026,0.077,0.0315,0.041125,0.03375,0.021375,0.031625,0.0495
100,4_1_1,1,301,TOAST_TPM_with_RIN,0.347,0.0646900269541779,0,694,1,0,0,4,0,735,1,0,0,6,0.043,0.536,0.045,0.0375,0.048,0.124,0.048125,0.045125,0.04875,0.042125,0.051625,0.059875
100,4_1_1,1,301,TOAST_TPM_without_RIN,0.3135,0.0627802690582959,0,627,0,0,0,2,0,666,0,0,0,3,0.0275,0.5015,0.0335,0.026,0.046,0.0975,0.031125,0.038625,0.03075,0.0275,0.03825,0.056375
100,4_1_1,1,301,csSAM,0.2865,0.0682926829268292,0,573,0,0,0,2,0,613,0,0,0,2,NA,NA,NA,NA,NA,NA,NA,NA,NA,NA,NA,NA
100,4_1_1,1,302,CARseq_with_RIN,0.3345,0.0415472779369628,0,669,0,0,0,0,0,698,0,0,0,0,0.0525,0.5235,0.0545,0.0275,0.0415,0.0435,0.04675,0.037625,0.04625,0.030375,0.04125,0.03825
100,4_1_1,1,302,CARseq_without_RIN,0.2015,0.03125,0,403,0,0,0,1,0,415,0,0,0,1,0.08,0.413,0.0805,0.0235,0.0285,0.0805,0.08475,0.02475,0.0815,0.015625,0.031,0.049625
100,4_1_1,1,302,TOAST_TPM_with_RIN,0.374,0.0684931506849316,0,748,0,0,0,0,0,803,0,0,0,0,0.0525,0.572,0.0435,0.041,0.0515,0.057,0.048125,0.04125,0.042,0.0395,0.0565,0.045625
100,4_1_1,1,302,TOAST_TPM_without_RIN,0.291,0.0316139767054908,0,582,0,0,0,0,0,601,0,0,0,0,0.0845,0.5065,0.081,0.0225,0.033,0.0855,0.087125,0.0255,0.07725,0.021125,0.037,0.060375
100,4_1_1,1,302,csSAM,0.2815,0.0457627118644067,0,563,0,0,0,0,0,590,0,0,0,0,NA,NA,NA,NA,NA,NA,NA,NA,NA,NA,NA,NA
100,4_1_1,1,303,CARseq_with_RIN,0.42,0.0707964601769911,1,840,0,0,0,0,2,902,0,0,0,0,0.0705,0.5835,0.0425,0.0345,0.0395,0.0345,0.050125,0.045875,0.04775,0.032,0.039875,0.036125
100,4_1_1,1,303,CARseq_without_RIN,0.2565,0.0320754716981132,1,513,0,0,0,0,1,529,0,0,0,0,0.047,0.4825,0.042,0.0625,0.0455,0.028,0.029375,0.02925,0.057625,0.045875,0.055875,0.023
100,4_1_1,1,303,TOAST_TPM_with_RIN,0.4635,0.0692771084337349,0,927,0,0,0,0,2,994,0,0,0,0,0.0475,0.6335,0.0485,0.0505,0.044,0.0525,0.057875,0.046875,0.045875,0.047125,0.044,0.041875
100,4_1_1,1,303,TOAST_TPM_without_RIN,0.334,0.036075036075036,0,668,0,0,0,0,0,693,0,0,0,0,0.03,0.5545,0.0665,0.0545,0.0585,0.027,0.026125,0.034,0.057125,0.03875,0.066,0.023375
100,4_1_1,1,303,csSAM,0.3,0.0430622009569378,0,600,3,0,0,0,0,622,5,0,0,0,NA,NA,NA,NA,NA,NA,NA,NA,NA,NA,NA,NA
100,4_1_1,1,304,CARseq_with_RIN,0.42,0.0759075907590759,0,840,0,0,0,0,1,908,0,0,0,0,0.072,0.59,0.065,0.0345,0.0545,0.042,0.04475,0.043625,0.048375,0.036,0.0435,0.040375
100,4_1_1,1,304,CARseq_without_RIN,0.2715,0.0355239786856127,0,543,0,0,0,0,1,562,0,0,0,0,0.086,0.5085,0.035,0.025,0.094,0.0405,0.080625,0.02625,0.02575,0.02475,0.12275,0.03675
100,4_1_1,1,304,TOAST_TPM_with_RIN,0.4945,0.0616698292220114,0,989,0,0,0,0,0,1054,0,0,0,0,0.0475,0.641,0.044,0.0575,0.0485,0.07,0.046625,0.03975,0.049625,0.05225,0.0465,0.054
100,4_1_1,1,304,TOAST_TPM_without_RIN,0.3665,0.0405759162303665,0,733,0,0,1,0,0,763,0,0,1,0,0.0895,0.5835,0.03,0.0395,0.142,0.0565,0.08075,0.0225,0.02875,0.034375,0.15375,0.043125
100,4_1_1,1,304,csSAM,0.241,0.0143149284253579,0,482,0,0,1,0,0,488,0,0,1,0,NA,NA,NA,NA,NA,NA,NA,NA,NA,NA,NA,NA
100,4_1_1,1,305,CARseq_with_RIN,0.43,0.0732758620689655,0,860,0,0,0,0,0,928,0,0,0,0,0.053,0.588,0.0565,0.041,0.05,0.034,0.04725,0.0445,0.04825,0.031125,0.045,0.04575
100,4_1_1,1,305,CARseq_without_RIN,0.2755,0.0367132867132867,0,551,0,0,0,0,0,572,0,0,0,0,0.033,0.465,0.102,0.029,0.036,0.0225,0.03225,0.029375,0.108625,0.02425,0.03025,0.023875
100,4_1_1,1,305,TOAST_TPM_with_RIN,0.283,0.0736497545008183,0,566,0,0,0,0,0,611,0,0,0,0,0.0515,0.4705,0.0365,0.0535,0.05,0.0365,0.04225,0.039,0.037125,0.0475,0.059625,0.04475
100,4_1_1,1,305,TOAST_TPM_without_RIN,0.292,0.0700636942675159,0,584,1,0,0,0,0,627,1,0,0,0,0.035,0.49,0.1165,0.048,0.029,0.03,0.026375,0.049875,0.15625,0.0385,0.0265,0.0335
100,4_1_1,1,305,csSAM,0.2845,0.112324492979719,0,569,3,0,0,0,0,628,13,0,0,0,NA,NA,NA,NA,NA,NA,NA,NA,NA,NA,NA,NA
100,4_1_1,1,306,CARseq_with_RIN,0.399,0.0611764705882353,0,798,0,0,0,0,0,849,0,0,0,1,0.0685,0.5555,0.0565,0.036,0.0445,0.0515,0.04925,0.04625,0.04775,0.03625,0.044875,0.038
100,4_1_1,1,306,CARseq_without_RIN,0.221,0.0349344978165939,0,442,0,0,0,0,0,458,0,0,0,0,0.0395,0.441,0.0415,0.028,0.028,0.095,0.0245,0.026875,0.0325,0.021125,0.026375,0.095375
100,4_1_1,1,306,TOAST_TPM_with_RIN,0.368,0.0600255427841635,0,736,0,0,0,0,0,783,0,0,0,0,0.042,0.5465,0.0435,0.0435,0.0405,0.0635,0.036875,0.045375,0.045125,0.041625,0.0465,0.043125
100,4_1_1,1,306,TOAST_TPM_without_RIN,0.285,0.0338983050847458,0,570,0,0,0,1,0,589,0,0,0,1,0.0235,0.4965,0.0405,0.035,0.03,0.0985,0.02025,0.023625,0.035,0.027125,0.028375,0.08075
100,4_1_1,1,306,csSAM,0.2915,0.0426929392446633,0,583,0,0,2,6,0,597,2,0,2,8,NA,NA,NA,NA,NA,NA,NA,NA,NA,NA,NA,NA
100,4_1_1,1,307,CARseq_with_RIN,0.453,0.050314465408805,0,906,0,0,0,0,0,953,0,0,1,0,0.0545,0.6145,0.0475,0.044,0.0355,0.0415,0.049375,0.041125,0.044125,0.03625,0.043875,0.038875
100,4_1_1,1,307,CARseq_without_RIN,0.2835,0.0307692307692308,0,567,0,0,0,0,0,585,0,0,0,0,0.0725,0.497,0.022,0.0315,0.028,0.0335,0.04875,0.028625,0.02325,0.031,0.029125,0.028
100,4_1_1,1,307,TOAST_TPM_with_RIN,0.422,0.0836047774158524,1,844,0,0,0,0,2,919,0,0,0,0,0.065,0.595,0.04,0.0485,0.04,0.0435,0.047,0.0495,0.042,0.0475,0.040875,0.03875
100,4_1_1,1,307,TOAST_TPM_without_RIN,0.308,0.0359937402190923,0,616,0,0,0,0,0,639,0,0,0,0,0.073,0.5135,0.026,0.0435,0.028,0.0525,0.045875,0.03125,0.02275,0.043875,0.03,0.038375
100,4_1_1,1,307,csSAM,0.2675,0.0255009107468124,0,535,0,0,0,0,0,549,0,0,0,0,NA,NA,NA,NA,NA,NA,NA,NA,NA,NA,NA,NA
100,4_1_1,1,308,CARseq_with_RIN,0.517,0.0709793351302785,0,1034,0,0,0,0,1,1112,0,0,0,0,0.0585,0.6585,0.041,0.027,0.037,0.036,0.047375,0.046375,0.043125,0.028125,0.04525,0.038
100,4_1_1,1,308,CARseq_without_RIN,0.371,0.0376134889753567,0,742,0,0,0,0,1,770,0,0,0,0,0.0525,0.529,0.024,0.037,0.021,0.0235,0.029,0.026625,0.026125,0.038375,0.026625,0.025625
100,4_1_1,1,308,TOAST_TPM_with_RIN,0.4205,0.0768386388583974,0,841,0,0,0,1,1,909,0,0,0,1,0.081,0.589,0.051,0.044,0.0475,0.041,0.051875,0.053125,0.049625,0.044125,0.050875,0.0425
100,4_1_1,1,308,TOAST_TPM_without_RIN,0.3385,0.0383522727272727,0,677,0,0,0,1,1,702,0,0,0,1,0.0485,0.5175,0.0385,0.056,0.032,0.036,0.030125,0.03075,0.0325,0.04925,0.032125,0.031375
100,4_1_1,1,308,csSAM,0.2785,0.0279232111692844,0,557,0,0,0,0,0,573,0,0,0,0,NA,NA,NA,NA,NA,NA,NA,NA,NA,NA,NA,NA
100,4_1_1,1,309,CARseq_with_RIN,0.5085,0.072926162260711,0,1017,0,0,0,0,0,1096,0,0,0,1,0.047,0.6555,0.0395,0.036,0.037,0.0345,0.0455,0.044125,0.04625,0.0375,0.039625,0.03825
100,4_1_1,1,309,CARseq_without_RIN,0.3595,0.0413333333333333,0,719,0,0,0,0,0,750,0,0,0,0,0.026,0.5785,0.0445,0.085,0.0295,0.0265,0.023875,0.029375,0.0645,0.1075,0.0375,0.02475
100,4_1_1,1,309,TOAST_TPM_with_RIN,0.5585,0.0829228243021346,0,1117,1,0,0,1,0,1209,7,0,0,2,0.0675,0.698,0.0525,0.0425,0.0405,0.047,0.045875,0.045125,0.057,0.047875,0.0495,0.050625
100,4_1_1,1,309,TOAST_TPM_without_RIN,0.4105,0.0563218390804597,0,821,1,4,0,0,0,851,1,18,0,0,0.0395,0.6135,0.056,0.1595,0.0515,0.029,0.02875,0.026625,0.0725,0.18075,0.0495,0.02875
100,4_1_1,1,309,csSAM,0.346,0.0428769017980636,1,692,0,2,0,0,1,709,0,13,0,0,NA,NA,NA,NA,NA,NA,NA,NA,NA,NA,NA,NA
100,4_1_1,1,310,CARseq_with_RIN,0.5385,0.0763293310463122,0,1077,0,0,0,0,0,1166,0,0,0,0,0.053,0.6575,0.044,0.032,0.0265,0.0295,0.047125,0.044625,0.0465,0.0325,0.04125,0.03075
100,4_1_1,1,310,CARseq_without_RIN,0.3875,0.0396530359355638,0,775,0,0,0,0,0,807,0,0,0,0,0.042,0.5515,0.0485,0.0195,0.075,0.029,0.033875,0.031625,0.041,0.01975,0.0955,0.028
100,4_1_1,1,310,TOAST_TPM_with_RIN,0.47,0.0784313725490197,0,940,0,0,0,0,0,1019,0,0,1,0,0.059,0.6185,0.054,0.048,0.054,0.0435,0.046,0.0455,0.0435,0.043625,0.05625,0.049125
100,4_1_1,1,310,TOAST_TPM_without_RIN,0.3935,0.0437424058323208,0,787,0,0,2,0,0,817,0,0,6,0,0.041,0.571,0.059,0.034,0.139,0.04,0.02925,0.026875,0.04125,0.030125,0.148125,0.04475
100,4_1_1,1,310,csSAM,0.314,0.0412213740458015,0,628,0,1,0,0,0,653,0,1,0,1,NA,NA,NA,NA,NA,NA,NA,NA,NA,NA,NA,NA
200,2_1_1,1,301,CARseq_with_RIN,0.272,0.0668953687821612,0,544,0,0,0,0,0,583,0,0,0,0,0.0595,0.4575,0.051,0.0275,0.055,0.0405,0.046125,0.045875,0.0435,0.033,0.043625,0.042625
200,2_1_1,1,301,CARseq_without_RIN,0.1095,0.0266666666666666,0,219,0,0,0,0,0,225,0,0,0,0,0.043,0.3565,0.035,0.0265,0.039,0.063,0.038625,0.028125,0.0295,0.039625,0.03,0.081375
200,2_1_1,1,301,TOAST_TPM_with_RIN,0.296,0.0821705426356589,0,592,0,0,0,0,0,645,0,0,0,0,0.0475,0.4795,0.037,0.049,0.0655,0.0395,0.045625,0.048375,0.04075,0.057,0.058375,0.0455
200,2_1_1,1,301,TOAST_TPM_without_RIN,0.1665,0.0403458213256485,0,333,0,0,0,0,0,347,0,0,0,0,0.037,0.3905,0.0325,0.063,0.0375,0.054,0.0345,0.025375,0.03125,0.072375,0.031375,0.059875
200,2_1_1,1,301,csSAM,0.0985,0.0199004975124378,0,197,0,0,0,0,0,201,0,0,0,0,NA,NA,NA,NA,NA,NA,NA,NA,NA,NA,NA,NA
200,2_1_1,1,302,CARseq_with_RIN,0.2035,0.0578703703703703,0,407,0,0,0,0,0,432,0,0,0,0,0.0655,0.4305,0.051,0.038,0.0455,0.0545,0.051375,0.043875,0.044625,0.034875,0.04225,0.041875
200,2_1_1,1,302,CARseq_without_RIN,0.095,0.0452261306532663,0,190,0,0,0,0,0,199,0,0,0,0,0.0425,0.3285,0.029,0.0635,0.0305,0.0425,0.031125,0.025,0.0225,0.06125,0.0275,0.030375
200,2_1_1,1,302,TOAST_TPM_with_RIN,0.245,0.071969696969697,0,490,0,0,0,0,0,527,0,0,0,1,0.054,0.4615,0.052,0.0495,0.0565,0.0495,0.044,0.045125,0.045875,0.0435,0.054125,0.051625
200,2_1_1,1,302,TOAST_TPM_without_RIN,0.1475,0.0327868852459017,0,295,0,0,0,0,0,305,0,0,0,0,0.034,0.3735,0.0325,0.075,0.034,0.039,0.027375,0.025,0.028,0.06825,0.032,0.0305
200,2_1_1,1,302,csSAM,0.0935,0.0209424083769634,0,187,0,0,0,0,0,191,0,0,0,0,NA,NA,NA,NA,NA,NA,NA,NA,NA,NA,NA,NA
200,2_1_1,1,303,CARseq_with_RIN,0.2485,0.0779220779220779,0,497,0,0,0,0,0,538,1,0,0,0,0.0615,0.475,0.052,0.026,0.045,0.0405,0.050125,0.04975,0.049125,0.036375,0.047125,0.042375
200,2_1_1,1,303,CARseq_without_RIN,0.1215,0.0653846153846154,0,243,0,0,3,0,0,254,0,0,6,0,0.045,0.355,0.035,0.014,0.122,0.0225,0.03525,0.041875,0.029875,0.0195,0.141125,0.025375
200,2_1_1,1,303,TOAST_TPM_with_RIN,0.215,0.0985324947589099,0,430,0,0,0,0,0,476,1,0,0,0,0.064,0.4315,0.0525,0.0505,0.067,0.0415,0.046875,0.057,0.044,0.057875,0.054625,0.044
200,2_1_1,1,303,TOAST_TPM_without_RIN,0.1425,0.0923566878980892,0,285,0,0,7,0,0,302,1,0,11,0,0.038,0.365,0.0315,0.0215,0.156,0.043,0.024875,0.04525,0.024875,0.027875,0.165625,0.040625
200,2_1_1,1,303,csSAM,0.125,0.0671641791044776,0,250,0,0,1,0,0,266,0,0,2,0,NA,NA,NA,NA,NA,NA,NA,NA,NA,NA,NA,NA
200,2_1_1,1,304,CARseq_with_RIN,0.214,0.0509977827050998,0,428,0,0,0,0,1,450,0,0,0,0,0.056,0.431,0.0535,0.0415,0.047,0.044,0.048625,0.04675,0.0475,0.03725,0.042375,0.045125
200,2_1_1,1,304,CARseq_without_RIN,0.0835,0.0233918128654971,0,167,0,0,0,0,0,171,0,0,0,0,0.03,0.313,0.039,0.0265,0.056,0.0315,0.02875,0.029,0.03775,0.024125,0.0575,0.030875
200,2_1_1,1,304,TOAST_TPM_with_RIN,0.231,0.0454545454545454,0,462,0,0,0,0,0,483,0,1,0,0,0.053,0.4325,0.0515,0.0515,0.0545,0.046,0.048375,0.044375,0.050625,0.04975,0.051375,0.050625
200,2_1_1,1,304,TOAST_TPM_without_RIN,0.136,0.0180505415162455,0,272,0,0,0,0,0,277,0,0,0,0,0.0305,0.334,0.0355,0.0285,0.056,0.025,0.025,0.0245,0.030875,0.030375,0.06025,0.032
200,2_1_1,1,304,csSAM,0.1215,0.0357142857142857,0,243,0,0,0,0,0,252,0,0,0,0,NA,NA,NA,NA,NA,NA,NA,NA,NA,NA,NA,NA
200,2_1_1,1,305,CARseq_with_RIN,0.185,0.0585241730279898,0,370,0,0,0,0,0,393,0,0,0,0,0.055,0.3955,0.038,0.041,0.049,0.049,0.047875,0.043375,0.04875,0.035875,0.04725,0.0455
200,2_1_1,1,305,CARseq_without_RIN,0.0925,0.0414507772020726,0,185,0,0,0,0,0,193,0,0,0,0,0.045,0.328,0.038,0.024,0.03,0.0255,0.032,0.053,0.0415,0.021625,0.027375,0.025625
200,2_1_1,1,305,TOAST_TPM_with_RIN,0.207,0.0504587155963303,0,414,0,0,0,0,0,435,0,0,0,1,0.056,0.4265,0.044,0.0505,0.045,0.037,0.051375,0.046375,0.045375,0.037375,0.052,0.048
200,2_1_1,1,305,TOAST_TPM_without_RIN,0.129,0.0408921933085502,0,258,0,0,0,0,0,269,0,0,0,0,0.0345,0.3855,0.045,0.024,0.026,0.0225,0.030625,0.0655,0.0535,0.022875,0.02425,0.022875
200,2_1_1,1,305,csSAM,0.1335,0.121710526315789,0,267,0,0,0,0,0,304,0,0,0,0,NA,NA,NA,NA,NA,NA,NA,NA,NA,NA,NA,NA
200,2_1_1,1,306,CARseq_with_RIN,0.209,0.0606741573033708,0,418,0,0,0,0,0,445,0,0,0,0,0.056,0.415,0.0575,0.032,0.051,0.0415,0.0465,0.044625,0.04525,0.038125,0.048125,0.0425
200,2_1_1,1,306,CARseq_without_RIN,0.083,0.0119047619047619,0,166,0,0,0,0,0,168,0,0,0,0,0.0345,0.3155,0.0325,0.024,0.028,0.0245,0.028375,0.028125,0.026875,0.021375,0.03,0.026
200,2_1_1,1,306,TOAST_TPM_with_RIN,0.205,0.0509259259259259,0,410,0,0,0,0,0,432,0,0,0,0,0.0525,0.402,0.052,0.048,0.047,0.046,0.0435,0.047625,0.04075,0.04425,0.044125,0.050625
200,2_1_1,1,306,TOAST_TPM_without_RIN,0.11,0.0222222222222223,0,220,0,0,0,0,0,225,0,0,0,0,0.025,0.3225,0.0325,0.037,0.028,0.0315,0.0235,0.025,0.02175,0.025375,0.025,0.031125
200,2_1_1,1,306,csSAM,0.099,0.0246305418719212,0,198,0,0,0,0,0,203,0,0,0,0,NA,NA,NA,NA,NA,NA,NA,NA,NA,NA,NA,NA
200,2_1_1,1,307,CARseq_with_RIN,0.283,0.0811688311688312,1,566,0,0,0,0,1,615,0,0,0,0,0.0525,0.481,0.053,0.033,0.0395,0.0465,0.0495,0.0485,0.04675,0.03625,0.038875,0.04575
200,2_1_1,1,307,CARseq_without_RIN,0.133,0.0327272727272727,1,266,0,0,0,0,1,274,0,0,0,0,0.058,0.3695,0.032,0.0965,0.0535,0.027,0.057875,0.028,0.026,0.104875,0.04675,0.025625
200,2_1_1,1,307,TOAST_TPM_with_RIN,0.299,0.0582677165354331,0,598,0,0,0,0,0,635,0,0,0,0,0.037,0.465,0.0485,0.036,0.043,0.0505,0.039625,0.0415,0.046125,0.0415,0.04425,0.05075
200,2_1_1,1,307,TOAST_TPM_without_RIN,0.1815,0.0135869565217391,0,363,0,0,0,0,0,368,0,0,0,0,0.04,0.3865,0.033,0.087,0.053,0.03,0.039125,0.0255,0.02475,0.094,0.044375,0.023875
200,2_1_1,1,307,csSAM,0.162,0.0414201183431953,0,324,0,0,0,0,0,338,0,0,0,0,NA,NA,NA,NA,NA,NA,NA,NA,NA,NA,NA,NA
200,2_1_1,1,308,CARseq_with_RIN,0.2415,0.0547945205479452,0,483,0,0,0,0,0,511,0,0,0,0,0.0465,0.447,0.037,0.039,0.0475,0.036,0.045375,0.043,0.05,0.035125,0.0475,0.045625
200,2_1_1,1,308,CARseq_without_RIN,0.152,0.551622418879056,87,304,0,0,0,0,355,323,0,0,0,0,0.2215,0.3815,0.0325,0.03,0.023,0.016,0.23075,0.05725,0.044125,0.021625,0.02325,0.026
200,2_1_1,1,308,TOAST_TPM_with_RIN,0.2605,0.0762411347517731,0,521,0,1,0,0,0,562,0,1,0,1,0.054,0.474,0.038,0.052,0.041,0.0375,0.05825,0.047125,0.0465,0.041375,0.040625,0.04925
200,2_1_1,1,308,TOAST_TPM_without_RIN,0.154,0.706106870229008,151,308,0,0,0,0,731,317,0,0,0,0,0.2505,0.399,0.0345,0.048,0.023,0.019,0.252125,0.03525,0.043125,0.038125,0.02325,0.026625
200,2_1_1,1,308,csSAM,0.0595,0.449074074074074,22,119,0,0,0,0,96,119,0,0,0,1,NA,NA,NA,NA,NA,NA,NA,NA,NA,NA,NA,NA
200,2_1_1,1,309,CARseq_with_RIN,0.234,0.0564516129032258,0,468,0,0,0,0,0,496,0,0,0,0,0.0645,0.454,0.038,0.0305,0.0425,0.0485,0.051,0.044875,0.045,0.036125,0.045,0.043375
200,2_1_1,1,309,CARseq_without_RIN,0.1285,0.0265151515151515,0,257,0,0,0,0,0,264,0,0,0,0,0.0555,0.371,0.0255,0.0255,0.0225,0.0265,0.05425,0.029,0.028875,0.034875,0.0295,0.022375
200,2_1_1,1,309,TOAST_TPM_with_RIN,0.2945,0.0796875,0,589,0,0,0,0,0,640,0,0,0,0,0.0445,0.5035,0.0455,0.046,0.0465,0.0415,0.047625,0.04925,0.0435,0.0465,0.043,0.044625
200,2_1_1,1,309,TOAST_TPM_without_RIN,0.194,0.0348258706467661,0,388,0,0,0,0,0,402,0,0,0,0,0.0365,0.421,0.034,0.0405,0.032,0.027,0.03775,0.035,0.02575,0.039,0.02825,0.024625
200,2_1_1,1,309,csSAM,0.139,0.047945205479452,0,278,0,0,0,0,0,292,0,0,0,0,NA,NA,NA,NA,NA,NA,NA,NA,NA,NA,NA,NA
200,2_1_1,1,310,CARseq_with_RIN,0.252,0.0666666666666667,0,504,0,0,0,0,0,540,0,0,0,0,0.058,0.435,0.054,0.0345,0.0395,0.0425,0.04825,0.042625,0.04375,0.035625,0.046125,0.042875
200,2_1_1,1,310,CARseq_without_RIN,0.1155,0.0493827160493827,0,231,0,0,0,0,0,243,0,0,0,0,0.0675,0.3445,0.032,0.0745,0.039,0.0225,0.060375,0.02775,0.029875,0.074125,0.038125,0.021125
200,2_1_1,1,310,TOAST_TPM_with_RIN,0.301,0.059375,0,602,0,0,0,0,0,639,1,0,0,0,0.055,0.5065,0.0535,0.0605,0.0535,0.0595,0.056375,0.037875,0.049,0.056875,0.050875,0.04675
200,2_1_1,1,310,TOAST_TPM_without_RIN,0.188,0.0481012658227848,0,376,0,0,0,0,0,395,0,0,0,0,0.0585,0.412,0.0305,0.105,0.0505,0.037,0.061125,0.033,0.026875,0.089625,0.044875,0.028375
200,2_1_1,1,310,csSAM,0.1345,0.0460992907801419,0,269,0,0,0,0,0,282,0,0,0,0,NA,NA,NA,NA,NA,NA,NA,NA,NA,NA,NA,NA
200,3_1_1,1,301,CARseq_with_RIN,0.569,0.0785425101214575,0,1138,0,0,0,0,0,1234,0,0,1,0,0.0685,0.6995,0.0415,0.0395,0.0485,0.045,0.05175,0.047375,0.045875,0.035625,0.044,0.039875
200,3_1_1,1,301,CARseq_without_RIN,0.416,0.0348027842227379,0,832,0,0,0,0,0,861,0,0,1,0,0.1215,0.5945,0.0245,0.038,0.0655,0.031,0.111125,0.033875,0.028875,0.038125,0.046875,0.027125
200,3_1_1,1,301,TOAST_TPM_with_RIN,0.571,0.0767987065481003,0,1142,0,0,0,0,0,1235,0,0,2,0,0.0375,0.6945,0.0385,0.056,0.089,0.0485,0.0455,0.0445,0.04475,0.051625,0.045,0.044
200,3_1_1,1,301,TOAST_TPM_without_RIN,0.4725,0.0473790322580645,0,945,0,0,0,0,0,992,0,0,0,0,0.103,0.634,0.021,0.057,0.0785,0.0395,0.110375,0.0295,0.027625,0.068375,0.052,0.033
200,3_1_1,1,301,csSAM,0.35,0.0437158469945356,0,700,0,0,0,0,0,731,0,0,1,0,NA,NA,NA,NA,NA,NA,NA,NA,NA,NA,NA,NA
200,3_1_1,1,302,CARseq_with_RIN,0.4795,0.0533070088845015,0,959,0,0,0,0,0,1013,0,0,0,0,0.0665,0.62,0.053,0.039,0.048,0.0395,0.04725,0.04125,0.046375,0.038375,0.044,0.045875
200,3_1_1,1,302,CARseq_without_RIN,0.3685,0.112048192771084,0,737,0,0,0,0,0,830,0,0,0,0,0.0865,0.518,0.031,0.0185,0.0355,0.0175,0.069625,0.09625,0.0295,0.02225,0.030125,0.023875
200,3_1_1,1,302,TOAST_TPM_with_RIN,0.515,0.0661831368993654,0,1030,0,0,0,0,0,1103,0,0,0,0,0.0505,0.6575,0.0465,0.046,0.044,0.041,0.042375,0.04375,0.049125,0.04375,0.051625,0.044625
200,3_1_1,1,302,TOAST_TPM_without_RIN,0.441,0.125867195242815,0,882,0,0,0,0,0,1009,0,0,0,0,0.077,0.581,0.0285,0.0235,0.032,0.021,0.07175,0.087625,0.028125,0.026625,0.033875,0.0245
200,3_1_1,1,302,csSAM,0.3595,0.177345537757437,0,719,1,0,0,0,0,873,1,0,0,0,NA,NA,NA,NA,NA,NA,NA,NA,NA,NA,NA,NA
200,3_1_1,1,303,CARseq_with_RIN,0.544,0.0708795900939369,0,1088,0,0,0,0,0,1171,0,0,0,0,0.069,0.674,0.05,0.039,0.0485,0.055,0.05,0.04675,0.047375,0.03375,0.04125,0.040875
200,3_1_1,1,303,CARseq_without_RIN,0.4085,0.0365566037735849,0,817,0,0,0,0,0,848,0,0,0,0,0.038,0.6075,0.0325,0.027,0.033,0.0315,0.02925,0.029125,0.03125,0.025,0.02975,0.022875
200,3_1_1,1,303,TOAST_TPM_with_RIN,0.5875,0.0813135261923378,0,1175,0,0,0,0,0,1277,0,1,0,1,0.0485,0.712,0.043,0.04,0.0495,0.0545,0.043375,0.04575,0.04425,0.043625,0.0445,0.056125
200,3_1_1,1,303,TOAST_TPM_without_RIN,0.486,0.0461236506378803,0,972,0,0,0,0,0,1018,0,1,0,0,0.028,0.655,0.023,0.0305,0.03,0.0325,0.02525,0.0305,0.0255,0.025625,0.029625,0.030375
200,3_1_1,1,303,csSAM,0.3795,0.0488721804511278,0,759,0,0,0,0,0,798,0,0,0,0,NA,NA,NA,NA,NA,NA,NA,NA,NA,NA,NA,NA
200,3_1_1,1,304,CARseq_with_RIN,0.536,0.0612959719789843,0,1072,1,0,0,0,0,1141,1,0,0,0,0.07,0.663,0.0585,0.037,0.041,0.045,0.048125,0.0445,0.050875,0.034,0.042,0.043625
200,3_1_1,1,304,CARseq_without_RIN,0.363,0.033288948069241,0,726,1,0,0,0,0,750,1,0,0,0,0.042,0.544,0.0415,0.0245,0.0935,0.031,0.026875,0.033375,0.046625,0.031,0.109875,0.030125
200,3_1_1,1,304,TOAST_TPM_with_RIN,0.5685,0.0587748344370861,0,1137,0,0,0,0,0,1207,1,0,0,0,0.0495,0.6955,0.0295,0.043,0.051,0.047,0.039375,0.0465,0.0495,0.046375,0.053875,0.049125
200,3_1_1,1,304,TOAST_TPM_without_RIN,0.432,0.0226244343891403,0,864,0,0,0,0,0,884,0,0,0,0,0.022,0.605,0.027,0.0355,0.091,0.032,0.0205,0.022625,0.035625,0.033375,0.09025,0.033875
200,3_1_1,1,304,csSAM,0.2955,0.0117056856187291,0,591,0,0,0,0,0,598,0,0,0,0,NA,NA,NA,NA,NA,NA,NA,NA,NA,NA,NA,NA
200,3_1_1,1,305,CARseq_with_RIN,0.557,0.067001675041876,0,1114,0,1,0,0,1,1190,0,1,2,0,0.0665,0.6935,0.0575,0.025,0.052,0.047,0.04925,0.045375,0.049125,0.034125,0.049,0.042125
200,3_1_1,1,305,CARseq_without_RIN,0.457,0.248972884141331,0,914,0,1,0,0,0,1216,0,1,0,0,0.0505,0.582,0.0435,0.015,0.114,0.034,0.03875,0.1225,0.02825,0.01875,0.140625,0.02675
200,3_1_1,1,305,TOAST_TPM_with_RIN,0.496,0.124448367166814,0,992,0,1,0,0,0,1131,0,2,0,0,0.044,0.644,0.0785,0.052,0.0565,0.0415,0.043375,0.06675,0.053625,0.057625,0.048625,0.047875
200,3_1_1,1,305,TOAST_TPM_without_RIN,0.456,0.165599268069533,0,912,0,1,0,0,0,1091,0,2,0,0,0.0375,0.5945,0.0425,0.0245,0.133,0.0295,0.030875,0.085,0.0285,0.0345,0.121,0.02925
200,3_1_1,1,305,csSAM,0.3235,0.231591448931116,0,647,0,0,11,0,0,828,0,0,14,0,NA,NA,NA,NA,NA,NA,NA,NA,NA,NA,NA,NA
200,3_1_1,1,306,CARseq_with_RIN,0.5475,0.0608919382504288,0,1095,0,0,0,0,0,1166,0,0,0,0,0.063,0.673,0.056,0.034,0.0475,0.049,0.047,0.04725,0.044375,0.03525,0.039375,0.0465
200,3_1_1,1,306,CARseq_without_RIN,0.362,0.0229419703103914,0,724,0,0,0,0,0,741,0,0,0,0,0.15,0.5605,0.028,0.1505,0.0575,0.0285,0.1585,0.02425,0.020375,0.210875,0.056,0.024875
200,3_1_1,1,306,TOAST_TPM_with_RIN,0.525,0.0757042253521126,0,1050,0,0,0,0,0,1136,0,0,0,0,0.046,0.6595,0.0445,0.031,0.0465,0.059,0.04625,0.044125,0.039,0.0425,0.0415,0.05775
200,3_1_1,1,306,TOAST_TPM_without_RIN,0.36,0.238900634249471,0,720,0,32,0,0,0,738,0,208,0,0,0.1455,0.5715,0.024,0.2225,0.057,0.0345,0.169625,0.023625,0.01925,0.26775,0.049875,0.030625
200,3_1_1,1,306,csSAM,0.284,0.131498470948012,0,568,0,18,0,1,0,579,0,73,1,1,NA,NA,NA,NA,NA,NA,NA,NA,NA,NA,NA,NA
200,3_1_1,1,307,CARseq_with_RIN,0.4375,0.0611587982832618,0,875,0,0,0,0,0,932,0,0,0,0,0.086,0.6065,0.057,0.0385,0.055,0.05,0.051,0.039125,0.044125,0.0335,0.04525,0.04225
200,3_1_1,1,307,CARseq_without_RIN,0.391,0.425422483468038,0,782,0,0,0,0,0,1361,0,0,0,0,0.057,0.516,0.0745,0.095,0.0645,0.033,0.03275,0.17075,0.06575,0.0675,0.054,0.0235
200,3_1_1,1,307,TOAST_TPM_with_RIN,0.5015,0.0848540145985401,0,1003,0,0,0,1,0,1095,0,0,0,1,0.0495,0.6515,0.042,0.068,0.0535,0.0455,0.053,0.0535,0.044,0.055375,0.05075,0.039
200,3_1_1,1,307,TOAST_TPM_without_RIN,0.481,0.484458735262594,0,962,0,0,0,0,0,1866,0,0,0,0,0.0315,0.549,0.0705,0.1,0.0725,0.031,0.026625,0.220125,0.074125,0.086,0.0625,0.02375
200,3_1_1,1,307,csSAM,0.361,0.422861710631495,0,722,0,0,0,0,0,1251,0,0,0,0,NA,NA,NA,NA,NA,NA,NA,NA,NA,NA,NA,NA
200,3_1_1,1,308,CARseq_with_RIN,0.5135,0.0646630236794171,0,1027,0,0,0,0,0,1098,0,0,0,0,0.055,0.6685,0.0605,0.0345,0.051,0.0365,0.048125,0.046875,0.0495,0.036375,0.04425,0.04375
200,3_1_1,1,308,CARseq_without_RIN,0.3755,0.0322164948453608,0,751,0,0,0,0,0,776,0,0,0,0,0.033,0.5765,0.0325,0.016,0.034,0.019,0.030625,0.02475,0.02775,0.01975,0.03125,0.023875
200,3_1_1,1,308,TOAST_TPM_with_RIN,0.563,0.070957095709571,0,1126,0,0,0,0,0,1212,0,0,0,0,0.053,0.6945,0.042,0.035,0.041,0.0365,0.052875,0.04425,0.042,0.051,0.043,0.0445
200,3_1_1,1,308,TOAST_TPM_without_RIN,0.4275,0.0273037542662116,0,855,0,0,0,0,0,879,0,0,0,0,0.025,0.621,0.0235,0.016,0.0355,0.024,0.02725,0.022125,0.02425,0.025625,0.033125,0.02425
200,3_1_1,1,308,csSAM,0.3455,0.0226308345120226,0,691,0,0,0,0,0,707,0,0,0,0,NA,NA,NA,NA,NA,NA,NA,NA,NA,NA,NA,NA
200,3_1_1,1,309,CARseq_with_RIN,0.5645,0.0653973509933775,0,1129,0,0,1,0,1,1205,1,0,1,0,0.061,0.682,0.0475,0.0345,0.04,0.0455,0.054125,0.042875,0.043375,0.033625,0.039375,0.04325
200,3_1_1,1,309,CARseq_without_RIN,0.4345,0.0910041841004184,0,869,0,0,1,0,0,955,0,0,1,0,0.0365,0.595,0.044,0.0165,0.02,0.0505,0.032,0.061875,0.032375,0.018375,0.021625,0.0365
200,3_1_1,1,309,TOAST_TPM_with_RIN,0.603,0.0651162790697675,0,1206,0,0,1,0,0,1289,0,0,1,0,0.046,0.7115,0.0425,0.041,0.0455,0.06,0.050125,0.04225,0.046875,0.047375,0.040875,0.04425
200,3_1_1,1,309,TOAST_TPM_without_RIN,0.5225,0.113655640373198,0,1045,0,0,1,0,1,1177,0,0,1,0,0.03,0.634,0.0375,0.0245,0.025,0.0595,0.027625,0.07975,0.03925,0.025125,0.01975,0.046625
200,3_1_1,1,309,csSAM,0.413,0.164812942366026,0,826,0,0,0,0,0,989,0,0,0,0,NA,NA,NA,NA,NA,NA,NA,NA,NA,NA,NA,NA
200,3_1_1,1,310,CARseq_with_RIN,0.474,0.0678466076696165,0,948,0,0,0,0,0,1017,0,0,0,0,0.0645,0.6265,0.0615,0.031,0.049,0.045,0.0535,0.042125,0.045625,0.033375,0.043125,0.03975
200,3_1_1,1,310,CARseq_without_RIN,0.3045,0.0394321766561514,0,609,0,0,0,0,0,634,0,0,0,0,0.0385,0.5045,0.057,0.016,0.0245,0.0265,0.0345,0.02875,0.04375,0.017625,0.0255,0.019
200,3_1_1,1,310,TOAST_TPM_with_RIN,0.489,0.0851262862488307,0,978,0,0,0,0,0,1069,0,0,0,0,0.053,0.6175,0.0455,0.04,0.045,0.042,0.05025,0.045125,0.045125,0.04825,0.045,0.039625
200,3_1_1,1,310,TOAST_TPM_without_RIN,0.359,0.0452127659574468,0,718,0,0,0,0,0,752,0,0,0,0,0.0305,0.5325,0.038,0.0215,0.0275,0.026,0.029875,0.02975,0.03425,0.024625,0.023125,0.021
200,3_1_1,1,310,csSAM,0.279,0.0395869191049913,0,558,0,0,0,0,1,580,0,0,0,0,NA,NA,NA,NA,NA,NA,NA,NA,NA,NA,NA,NA
200,4_1_1,1,301,CARseq_with_RIN,0.6365,0.0673992673992674,0,1273,0,0,0,0,0,1365,0,0,0,0,0.08,0.7455,0.076,0.045,0.052,0.0425,0.055625,0.041375,0.04575,0.036875,0.05025,0.0375
200,4_1_1,1,301,CARseq_without_RIN,0.5415,0.0891505466778806,0,1083,0,0,0,0,0,1189,0,0,0,0,0.055,0.6815,0.0765,0.03,0.052,0.024,0.036125,0.064125,0.07275,0.0255,0.040625,0.023125
200,4_1_1,1,301,TOAST_TPM_with_RIN,0.662,0.0676056338028169,0,1324,0,0,0,0,0,1420,0,0,0,0,0.0465,0.7675,0.042,0.04,0.0425,0.0395,0.049625,0.04325,0.04425,0.04075,0.052125,0.049375
200,4_1_1,1,301,TOAST_TPM_without_RIN,0.5775,0.0969507427677874,0,1155,1,0,0,0,0,1276,3,0,0,0,0.0335,0.695,0.074,0.0315,0.047,0.0275,0.032125,0.05825,0.08425,0.032375,0.048625,0.02675
200,4_1_1,1,301,csSAM,0.417,0.0565610859728507,0,834,2,0,0,0,0,882,2,0,0,0,NA,NA,NA,NA,NA,NA,NA,NA,NA,NA,NA,NA
200,4_1_1,1,302,CARseq_with_RIN,0.6815,0.0612947658402204,0,1363,0,0,0,0,0,1451,1,0,0,0,0.072,0.783,0.0495,0.044,0.043,0.048,0.0515,0.041625,0.047875,0.033375,0.037,0.042875
200,4_1_1,1,302,CARseq_without_RIN,0.5185,0.0308411214953271,0,1037,0,0,0,0,0,1070,0,0,0,0,0.0935,0.6455,0.0395,0.037,0.0495,0.0485,0.078375,0.027875,0.039875,0.029375,0.029,0.02875
200,4_1_1,1,302,TOAST_TPM_with_RIN,0.575,0.0770465489566613,0,1150,0,0,0,0,0,1243,2,0,0,1,0.0435,0.6955,0.048,0.048,0.058,0.059,0.050125,0.04825,0.04175,0.038875,0.043375,0.044875
200,4_1_1,1,302,TOAST_TPM_without_RIN,0.485,0.0376984126984127,0,970,0,0,0,0,0,1008,0,0,0,0,0.0805,0.6265,0.0335,0.042,0.0415,0.038,0.091375,0.030125,0.032875,0.039,0.027125,0.026875
200,4_1_1,1,302,csSAM,0.4125,0.0282685512367491,0,825,0,1,0,0,0,846,0,3,0,0,NA,NA,NA,NA,NA,NA,NA,NA,NA,NA,NA,NA
200,4_1_1,1,303,CARseq_with_RIN,0.7085,0.0603448275862069,0,1417,0,0,0,0,0,1507,0,0,0,1,0.0935,0.7975,0.063,0.036,0.044,0.0455,0.047375,0.041,0.045875,0.0335,0.040625,0.04225
200,4_1_1,1,303,CARseq_without_RIN,0.6075,0.0295527156549521,0,1215,0,0,0,0,0,1252,0,0,0,0,0.072,0.74,0.064,0.023,0.0285,0.0245,0.046375,0.023375,0.055,0.020875,0.02525,0.02775
200,4_1_1,1,303,TOAST_TPM_with_RIN,0.7285,0.0489556135770235,0,1457,0,0,0,0,0,1530,0,0,0,2,0.0475,0.8135,0.0425,0.0495,0.047,0.0455,0.050875,0.0335,0.046625,0.041375,0.0445,0.049
200,4_1_1,1,303,TOAST_TPM_without_RIN,0.6805,0.0271622587562544,0,1361,0,0,0,0,0,1399,0,0,0,0,0.058,0.7865,0.0465,0.0335,0.0265,0.0255,0.0505,0.01875,0.045625,0.02375,0.0275,0.03325
200,4_1_1,1,303,csSAM,0.525,0.0168539325842697,0,1050,0,0,0,0,0,1068,0,0,0,0,NA,NA,NA,NA,NA,NA,NA,NA,NA,NA,NA,NA
200,4_1_1,1,304,CARseq_with_RIN,0.6675,0.0742024965325936,0,1335,0,0,0,0,0,1442,0,0,0,0,0.0775,0.7705,0.0555,0.0485,0.04,0.041,0.050375,0.046625,0.044875,0.0355,0.045,0.038
200,4_1_1,1,304,CARseq_without_RIN,0.563,0.229295003422313,0,1126,0,0,0,0,0,1461,0,0,0,0,0.13,0.6605,0.0325,0.051,0.0435,0.0215,0.075375,0.11675,0.027375,0.046,0.04675,0.020625
200,4_1_1,1,304,TOAST_TPM_with_RIN,0.63,0.0928725701943844,0,1260,0,0,0,0,1,1388,0,0,0,0,0.088,0.7235,0.0415,0.046,0.0415,0.039,0.055375,0.049125,0.039375,0.043875,0.045125,0.0455
200,4_1_1,1,304,TOAST_TPM_without_RIN,0.5965,0.311598384304674,0,1193,0,0,0,0,1,1732,0,0,0,0,0.1235,0.6735,0.0255,0.066,0.0445,0.025,0.091625,0.161,0.024375,0.0615,0.05425,0.02425
200,4_1_1,1,304,csSAM,0.4625,0.223341729638959,0,925,0,0,0,0,0,1191,0,0,0,0,NA,NA,NA,NA,NA,NA,NA,NA,NA,NA,NA,NA
200,4_1_1,1,305,CARseq_with_RIN,0.6905,0.0725319006044325,0,1381,0,0,0,0,0,1489,0,0,0,0,0.079,0.786,0.0535,0.041,0.053,0.0455,0.046,0.04025,0.049125,0.03425,0.046,0.043875
200,4_1_1,1,305,CARseq_without_RIN,0.5915,0.0558659217877095,0,1183,0,0,0,0,0,1253,0,0,0,0,0.044,0.7215,0.0665,0.028,0.1185,0.032,0.024875,0.036625,0.061125,0.020875,0.128,0.0295
200,4_1_1,1,305,TOAST_TPM_with_RIN,0.7075,0.0769732550554468,0,1415,0,0,0,0,0,1532,0,1,0,0,0.0465,0.796,0.0705,0.051,0.06,0.0515,0.0425,0.043625,0.044625,0.042375,0.04675,0.05325
200,4_1_1,1,305,TOAST_TPM_without_RIN,0.6245,0.0384911470361817,0,1249,0,0,0,0,0,1299,0,0,0,0,0.03,0.7355,0.107,0.035,0.134,0.0475,0.02475,0.026125,0.078875,0.025625,0.12125,0.031125
200,4_1_1,1,305,csSAM,0.455,0.0349946977730647,0,910,3,0,0,0,1,936,6,0,0,0,NA,NA,NA,NA,NA,NA,NA,NA,NA,NA,NA,NA
200,4_1_1,1,306,CARseq_with_RIN,0.733,0.0680228862047044,0,1466,0,0,0,0,0,1573,0,0,0,0,0.0875,0.8125,0.0665,0.0295,0.0435,0.042,0.048125,0.04325,0.047875,0.037,0.04475,0.04125
200,4_1_1,1,306,CARseq_without_RIN,0.539,0.0375,0,1078,0,0,0,0,0,1120,0,0,0,0,0.0625,0.6775,0.0695,0.057,0.025,0.024,0.033,0.02825,0.054625,0.032125,0.02625,0.023125
200,4_1_1,1,306,TOAST_TPM_with_RIN,0.6435,0.0667150108774475,0,1287,0,0,0,0,0,1379,0,0,0,0,0.06,0.743,0.047,0.0575,0.039,0.0325,0.053,0.043125,0.052375,0.055,0.04425,0.046625
200,4_1_1,1,306,TOAST_TPM_without_RIN,0.5495,0.0501296456352636,0,1099,0,0,0,0,0,1157,0,0,0,0,0.034,0.673,0.0495,0.0625,0.026,0.02,0.02475,0.036375,0.0575,0.0435,0.025375,0.022125
200,4_1_1,1,306,csSAM,0.431,0.03037120359955,0,862,0,0,0,0,0,889,0,0,0,0,NA,NA,NA,NA,NA,NA,NA,NA,NA,NA,NA,NA
200,4_1_1,1,307,CARseq_with_RIN,0.7,0.0641711229946524,0,1400,0,0,0,0,0,1496,0,0,0,0,0.074,0.783,0.0645,0.0405,0.0405,0.0435,0.051625,0.046875,0.049875,0.03875,0.04725,0.039375
200,4_1_1,1,307,CARseq_without_RIN,0.578,0.0244725738396624,0,1156,0,0,0,0,0,1185,0,0,0,0,0.05,0.7135,0.0615,0.0215,0.028,0.045,0.039375,0.029125,0.056,0.022125,0.03125,0.029625
200,4_1_1,1,307,TOAST_TPM_with_RIN,0.696,0.0775347912524851,0,1392,0,0,0,0,0,1508,0,0,0,1,0.043,0.788,0.049,0.0495,0.0365,0.0655,0.048875,0.049625,0.05,0.0525,0.04525,0.04575
200,4_1_1,1,307,TOAST_TPM_without_RIN,0.6145,0.0315208825847124,0,1229,0,0,0,0,0,1269,0,0,0,0,0.029,0.7385,0.0495,0.026,0.0305,0.0415,0.037,0.026,0.04875,0.027125,0.028875,0.029875
200,4_1_1,1,307,csSAM,0.4795,0.0234215885947047,0,959,0,0,0,0,0,982,0,0,0,0,NA,NA,NA,NA,NA,NA,NA,NA,NA,NA,NA,NA
200,4_1_1,1,308,CARseq_with_RIN,0.675,0.0747087045921865,0,1350,1,0,0,0,0,1458,1,0,0,0,0.062,0.772,0.0605,0.036,0.0515,0.0485,0.050375,0.049,0.046375,0.040625,0.042875,0.0405
200,4_1_1,1,308,CARseq_without_RIN,0.523,0.0251630941286114,0,1046,1,0,0,0,0,1072,1,0,0,0,0.0285,0.673,0.049,0.0355,0.035,0.066,0.030125,0.0255,0.042125,0.028,0.027375,0.064
200,4_1_1,1,308,TOAST_TPM_with_RIN,0.6615,0.0636942675159236,0,1323,1,1,0,0,0,1411,1,1,0,0,0.0355,0.7645,0.0445,0.049,0.041,0.039,0.043,0.044625,0.046625,0.046625,0.041,0.050125
200,4_1_1,1,308,TOAST_TPM_without_RIN,0.5465,0.0284444444444445,0,1093,1,0,0,0,0,1123,1,0,0,1,0.02,0.682,0.0465,0.0415,0.0315,0.0725,0.022625,0.023875,0.03725,0.032,0.0275,0.091
200,4_1_1,1,308,csSAM,0.469,0.0319917440660474,0,938,0,0,0,0,0,968,1,0,0,0,NA,NA,NA,NA,NA,NA,NA,NA,NA,NA,NA,NA
200,4_1_1,1,309,CARseq_with_RIN,0.735,0.0625,0,1470,0,0,0,0,0,1568,0,0,0,0,0.0735,0.8165,0.055,0.034,0.046,0.042,0.054375,0.043375,0.044875,0.039375,0.041875,0.03875
200,4_1_1,1,309,CARseq_without_RIN,0.5505,0.0265251989389921,0,1101,1,0,0,1,0,1129,1,0,0,1,0.0405,0.6755,0.116,0.017,0.0285,0.097,0.040625,0.021625,0.107375,0.02175,0.019375,0.07
200,4_1_1,1,309,TOAST_TPM_with_RIN,0.643,0.0654069767441861,0,1286,0,0,0,0,0,1376,0,0,0,0,0.0405,0.7485,0.0565,0.0425,0.036,0.0675,0.05625,0.04275,0.047,0.047,0.042375,0.04525
200,4_1_1,1,309,TOAST_TPM_without_RIN,0.5615,0.0277056277056277,0,1123,0,0,0,0,0,1155,0,0,0,0,0.022,0.684,0.116,0.0245,0.018,0.084,0.038125,0.0225,0.096875,0.027625,0.024375,0.051625
200,4_1_1,1,309,csSAM,0.4225,0.0242494226327945,0,845,0,0,0,2,0,863,0,0,0,3,NA,NA,NA,NA,NA,NA,NA,NA,NA,NA,NA,NA
200,4_1_1,1,310,CARseq_with_RIN,0.7335,0.0721062618595826,0,1467,0,0,0,0,0,1581,0,0,0,0,0.0405,0.8155,0.056,0.0275,0.046,0.0435,0.04075,0.045,0.047625,0.0325,0.03925,0.04225
200,4_1_1,1,310,CARseq_without_RIN,0.608,0.0318471337579618,0,1216,0,0,0,0,0,1256,0,0,0,0,0.023,0.7355,0.027,0.031,0.028,0.019,0.024625,0.025125,0.02825,0.023,0.02425,0.022625
200,4_1_1,1,310,TOAST_TPM_with_RIN,0.7185,0.0770712909441233,0,1437,0,0,0,0,0,1557,0,0,0,0,0.0405,0.8035,0.0465,0.044,0.06,0.0395,0.05275,0.0475,0.0445,0.045375,0.047875,0.047
200,4_1_1,1,310,TOAST_TPM_without_RIN,0.615,0.0238095238095238,0,1230,0,0,0,0,0,1260,0,0,0,0,0.0235,0.7455,0.0245,0.03,0.0275,0.02,0.02475,0.02275,0.023625,0.031,0.028875,0.023125
200,4_1_1,1,310,csSAM,0.481,0.0273003033367037,0,962,0,0,0,0,0,989,0,0,0,0,NA,NA,NA,NA,NA,NA,NA,NA,NA,NA,NA,NA
